,brand,model,off_price,price,storage,ram,color,link,title
0,samsung,Galaxy A14,NAN,5655000,64,چهار گیگابایت,مشکی,https://www.digikala.com/product/dkp-10849401/%DA%AF%D9%88%D8%B4%DB%8C-%D9%85%D9%88%D8%A8%D8%A7%DB%8C%D9%84-%D8%B3%D8%A7%D9%85%D8%B3%D9%88%D9%86%DA%AF-%D9%85%D8%AF%D9%84-galaxy-a14-%D8%AF%D9%88-%D8%B3%DB%8C%D9%85-%DA%A9%D8%A7%D8%B1%D8%AA-%D8%B8%D8%B1%D9%81%DB%8C%D8%AA-64-%DA%AF%DB%8C%DA%AF%D8%A7%D8%A8%D8%A7%DB%8C%D8%AA-%D9%88-%D8%B1%D9%85-4-%DA%AF%DB%8C%DA%AF%D8%A7%D8%A8%D8%A7%DB%8C%D8%AA/,گوشی موبایل سامسونگ مدل Galaxy A14 دو سیم کارت ظرفیت 64 گیگابایت و رم 4 گیگابایت
1,samsung,Galaxy S21 FE 5G,NAN,19299000,256,هشت گیگابایت,سفید,https://www.digikala.com/product/dkp-9944694/%DA%AF%D9%88%D8%B4%DB%8C-%D9%85%D9%88%D8%A8%D8%A7%DB%8C%D9%84-%D8%B3%D8%A7%D9%85%D8%B3%D9%88%D9%86%DA%AF-%D9%85%D8%AF%D9%84-galaxy-s21-fe-5g-%D8%AF%D9%88-%D8%B3%DB%8C%D9%85-%DA%A9%D8%A7%D8%B1%D8%AA-%D8%B8%D8%B1%D9%81%DB%8C%D8%AA-256-%DA%AF%DB%8C%DA%AF%D8%A7%D8%A8%D8%A7%DB%8C%D8%AA-%D9%88-%D8%B1%D9%85-8-%DA%AF%DB%8C%DA%AF%D8%A7%D8%A8%D8%A7%DB%8C%D8%AA-%D9%88%DB%8C%D8%AA%D9%86%D8%A7%D9%85/,گوشی موبایل سامسونگ مدل Galaxy S21 FE 5G دو سیم‌ کارت ظرفیت 256 گیگابایت و رم 8 گیگابایت - ویتنام
2,samsung,Galaxy A14,NAN,6290000,128,چهار گیگابایت,مشکی,https://www.digikala.com/product/dkp-10937960/%DA%AF%D9%88%D8%B4%DB%8C-%D9%85%D9%88%D8%A8%D8%A7%DB%8C%D9%84-%D8%B3%D8%A7%D9%85%D8%B3%D9%88%D9%86%DA%AF-%D9%85%D8%AF%D9%84-galaxy-a14-%D8%AF%D9%88-%D8%B3%DB%8C%D9%85-%DA%A9%D8%A7%D8%B1%D8%AA-%D8%B8%D8%B1%D9%81%DB%8C%D8%AA-128-%DA%AF%DB%8C%DA%AF%D8%A7%D8%A8%D8%A7%DB%8C%D8%AA-%D9%88-%D8%B1%D9%85-4-%DA%AF%DB%8C%DA%AF%D8%A7%D8%A8%D8%A7%DB%8C%D8%AA/,گوشی موبایل سامسونگ مدل Galaxy A14 دو سیم کارت ظرفیت 128 گیگابایت و رم 4 گیگابایت
3,samsung,Galaxy A34 5G,NAN,12790000,128,هشت گیگابایت,مشکی,https://www.digikala.com/product/dkp-10940394/%DA%AF%D9%88%D8%B4%DB%8C-%D9%85%D9%88%D8%A8%D8%A7%DB%8C%D9%84-%D8%B3%D8%A7%D9%85%D8%B3%D9%88%D9%86%DA%AF-%D9%85%D8%AF%D9%84-galaxy-a34-5g-%D8%AF%D9%88-%D8%B3%DB%8C%D9%85-%DA%A9%D8%A7%D8%B1%D8%AA-%D8%B8%D8%B1%D9%81%DB%8C%D8%AA-128-%DA%AF%DB%8C%DA%AF%D8%A7%D8%A8%D8%A7%DB%8C%D8%AA-%D9%88-%D8%B1%D9%85-8-%DA%AF%DB%8C%DA%AF%D8%A7%D8%A8%D8%A7%DB%8C%D8%AA/,گوشی موبایل سامسونگ مدل Galaxy A34 5G دو سیم کارت ظرفیت 128 گیگابایت و رم 8 گیگابایت
4,samsung,Galaxy A54 5G,NAN,16799000,256,هشت گیگابایت,مشکی,https://www.digikala.com/product/dkp-11346304/%DA%AF%D9%88%D8%B4%DB%8C-%D9%85%D9%88%D8%A8%D8%A7%DB%8C%D9%84-%D8%B3%D8%A7%D9%85%D8%B3%D9%88%D9%86%DA%AF-%D9%85%D8%AF%D9%84-galaxy-a54-5g-%D8%AF%D9%88-%D8%B3%DB%8C%D9%85-%DA%A9%D8%A7%D8%B1%D8%AA-%D8%B8%D8%B1%D9%81%DB%8C%D8%AA-256-%DA%AF%DB%8C%DA%AF%D8%A7%D8%A8%D8%A7%DB%8C%D8%AA-%D9%88-%D8%B1%D9%85-8-%DA%AF%DB%8C%DA%AF%D8%A7%D8%A8%D8%A7%DB%8C%D8%AA-%D9%88%DB%8C%D8%AA%D9%86%D8%A7%D9%85/,گوشی موبایل سامسونگ مدل Galaxy A54 5G دو سیم کارت ظرفیت 256 گیگابایت و رم 8 گیگابایت - ویتنام
5,samsung,Galaxy A04s,NAN,5099000,64,چهار گیگابایت,مشکی,https://www.digikala.com/product/dkp-9805998/%DA%AF%D9%88%D8%B4%DB%8C-%D9%85%D9%88%D8%A8%D8%A7%DB%8C%D9%84-%D8%B3%D8%A7%D9%85%D8%B3%D9%88%D9%86%DA%AF-%D9%85%D8%AF%D9%84-galaxy-a04s-%D8%AF%D9%88-%D8%B3%DB%8C%D9%85-%DA%A9%D8%A7%D8%B1%D8%AA-%D8%B8%D8%B1%D9%81%DB%8C%D8%AA-64-%DA%AF%DB%8C%DA%AF%D8%A7%D8%A8%D8%A7%DB%8C%D8%AA-%D9%88-%D8%B1%D9%85-4-%DA%AF%DB%8C%DA%AF%D8%A7%D8%A8%D8%A7%DB%8C%D8%AA-%D9%88%DB%8C%D8%AA%D9%86%D8%A7%D9%85/,گوشی موبایل سامسونگ مدل Galaxy A04s دو سیم کارت ظرفیت 64 گیگابایت و رم 4 گیگابایت - ویتنام
6,samsung,Galaxy A04e,NAN,3720000,64,سه گیگابایت,مشکی,https://www.digikala.com/product/dkp-10310708/%DA%AF%D9%88%D8%B4%DB%8C-%D9%85%D9%88%D8%A8%D8%A7%DB%8C%D9%84-%D8%B3%D8%A7%D9%85%D8%B3%D9%88%D9%86%DA%AF-%D9%85%D8%AF%D9%84-galaxy-a04e-%D8%AF%D9%88-%D8%B3%DB%8C%D9%85-%DA%A9%D8%A7%D8%B1%D8%AA-%D8%B8%D8%B1%D9%81%DB%8C%D8%AA-64-%DA%AF%DB%8C%DA%AF%D8%A7%D8%A8%D8%A7%DB%8C%D8%AA-%D9%88-%D8%B1%D9%85-3-%DA%AF%DB%8C%DA%AF%D8%A7%D8%A8%D8%A7%DB%8C%D8%AA/,گوشی موبایل سامسونگ مدل Galaxy A04e دو سیم کارت ظرفیت 64 گیگابایت و رم 3 گیگابایت
7,samsung,Galaxy A34 5G,NAN,13200000,128,هشت گیگابایت,مشکی,https://www.digikala.com/product/dkp-11346346/%DA%AF%D9%88%D8%B4%DB%8C-%D9%85%D9%88%D8%A8%D8%A7%DB%8C%D9%84-%D8%B3%D8%A7%D9%85%D8%B3%D9%88%D9%86%DA%AF-%D9%85%D8%AF%D9%84-galaxy-a34-5g-%D8%AF%D9%88-%D8%B3%DB%8C%D9%85-%DA%A9%D8%A7%D8%B1%D8%AA-%D8%B8%D8%B1%D9%81%DB%8C%D8%AA-128-%DA%AF%DB%8C%DA%AF%D8%A7%D8%A8%D8%A7%DB%8C%D8%AA-%D9%88-%D8%B1%D9%85-8-%DA%AF%DB%8C%DA%AF%D8%A7%D8%A8%D8%A7%DB%8C%D8%AA-%D9%88%DB%8C%D8%AA%D9%86%D8%A7%D9%85/,گوشی موبایل سامسونگ مدل Galaxy A34 5G دو سیم کارت ظرفیت 128 گیگابایت و رم 8 گیگابایت - ویتنام
8,samsung,Galaxy A24 4G,NAN,8350000,128,شش گیگابایت,مشکی,https://www.digikala.com/product/dkp-11159286/%DA%AF%D9%88%D8%B4%DB%8C-%D9%85%D9%88%D8%A8%D8%A7%DB%8C%D9%84-%D8%B3%D8%A7%D9%85%D8%B3%D9%88%D9%86%DA%AF-%D9%85%D8%AF%D9%84-galaxy-a24-4g-%D8%AF%D9%88-%D8%B3%DB%8C%D9%85-%DA%A9%D8%A7%D8%B1%D8%AA-%D8%B8%D8%B1%D9%81%DB%8C%D8%AA-128-%DA%AF%DB%8C%DA%AF%D8%A7%D8%A8%D8%A7%DB%8C%D8%AA-%D9%88-%D8%B1%D9%85-6-%DA%AF%DB%8C%DA%AF%D8%A7%D8%A8%D8%A7%DB%8C%D8%AA/,گوشی موبایل سامسونگ مدل Galaxy A24 4G دو سیم کارت ظرفیت 128 گیگابایت و رم 6 گیگابایت
9,samsung,Galaxy A04e,NAN,3399000,32,سه گیگابایت,مشکی,https://www.digikala.com/product/dkp-10310384/%DA%AF%D9%88%D8%B4%DB%8C-%D9%85%D9%88%D8%A8%D8%A7%DB%8C%D9%84-%D8%B3%D8%A7%D9%85%D8%B3%D9%88%D9%86%DA%AF-%D9%85%D8%AF%D9%84-galaxy-a04e-%D8%AF%D9%88-%D8%B3%DB%8C%D9%85-%DA%A9%D8%A7%D8%B1%D8%AA-%D8%B8%D8%B1%D9%81%DB%8C%D8%AA-32-%DA%AF%DB%8C%DA%AF%D8%A7%D8%A8%D8%A7%DB%8C%D8%AA-%D9%88-%D8%B1%D9%85-3-%DA%AF%DB%8C%DA%AF%D8%A7%D8%A8%D8%A7%DB%8C%D8%AA/,گوشی موبایل سامسونگ مدل Galaxy A04e دو سیم کارت ظرفیت 32 گیگابایت و رم 3 گیگابایت
10,samsung,Galaxy A14,NAN,6250000,128,چهار گیگابایت,مشکی,https://www.digikala.com/product/dkp-10403039/%DA%AF%D9%88%D8%B4%DB%8C-%D9%85%D9%88%D8%A8%D8%A7%DB%8C%D9%84-%D8%B3%D8%A7%D9%85%D8%B3%D9%88%D9%86%DA%AF-%D9%85%D8%AF%D9%84-galaxy-a14-%D8%AF%D9%88-%D8%B3%DB%8C%D9%85-%DA%A9%D8%A7%D8%B1%D8%AA-%D8%B8%D8%B1%D9%81%DB%8C%D8%AA-128-%DA%AF%DB%8C%DA%AF%D8%A7%D8%A8%D8%A7%DB%8C%D8%AA-%D9%88-%D8%B1%D9%85-4-%DA%AF%DB%8C%DA%AF%D8%A7%D8%A8%D8%A7%DB%8C%D8%AA-%D9%88%DB%8C%D8%AA%D9%86%D8%A7%D9%85/,گوشی موبایل سامسونگ مدل Galaxy A14 دو سیم کارت ظرفیت 128 گیگابایت و رم 4 گیگابایت - ویتنام
11,samsung,Galaxy A14,NAN,7198000,128,شش گیگابایت,مشکی,https://www.digikala.com/product/dkp-10403200/%DA%AF%D9%88%D8%B4%DB%8C-%D9%85%D9%88%D8%A8%D8%A7%DB%8C%D9%84-%D8%B3%D8%A7%D9%85%D8%B3%D9%88%D9%86%DA%AF-%D9%85%D8%AF%D9%84-galaxy-a14-%D8%AF%D9%88-%D8%B3%DB%8C%D9%85-%DA%A9%D8%A7%D8%B1%D8%AA-%D8%B8%D8%B1%D9%81%DB%8C%D8%AA-128-%DA%AF%DB%8C%DA%AF%D8%A7%D8%A8%D8%A7%DB%8C%D8%AA-%D9%88-%D8%B1%D9%85-6-%DA%AF%DB%8C%DA%AF%D8%A7%D8%A8%D8%A7%DB%8C%D8%AA-%D9%88%DB%8C%D8%AA%D9%86%D8%A7%D9%85/,گوشی موبایل سامسونگ مدل Galaxy A14 دو سیم کارت ظرفیت 128 گیگابایت و رم 6 گیگابایت - ویتنام
12,samsung,Galaxy A24 4G,NAN,8999000,128,هشت گیگابایت,مشکی,https://www.digikala.com/product/dkp-11159306/%DA%AF%D9%88%D8%B4%DB%8C-%D9%85%D9%88%D8%A8%D8%A7%DB%8C%D9%84-%D8%B3%D8%A7%D9%85%D8%B3%D9%88%D9%86%DA%AF-%D9%85%D8%AF%D9%84-galaxy-a24-4g-%D8%AF%D9%88-%D8%B3%DB%8C%D9%85-%DA%A9%D8%A7%D8%B1%D8%AA-%D8%B8%D8%B1%D9%81%DB%8C%D8%AA-128-%DA%AF%DB%8C%DA%AF%D8%A7%D8%A8%D8%A7%DB%8C%D8%AA-%D9%88-%D8%B1%D9%85-8-%DA%AF%DB%8C%DA%AF%D8%A7%D8%A8%D8%A7%DB%8C%D8%AA/,گوشی موبایل سامسونگ مدل Galaxy A24 4G دو سیم کارت ظرفیت 128 گیگابایت و رم 8 گیگابایت
13,samsung,Galaxy A24 4G,NAN,8800000,128,شش گیگابایت,مشکی,https://www.digikala.com/product/dkp-11341777/%DA%AF%D9%88%D8%B4%DB%8C-%D9%85%D9%88%D8%A8%D8%A7%DB%8C%D9%84-%D8%B3%D8%A7%D9%85%D8%B3%D9%88%D9%86%DA%AF-%D9%85%D8%AF%D9%84-galaxy-a24-4g-%D8%AF%D9%88-%D8%B3%DB%8C%D9%85-%DA%A9%D8%A7%D8%B1%D8%AA-%D8%B8%D8%B1%D9%81%DB%8C%D8%AA-128-%DA%AF%DB%8C%DA%AF%D8%A7%D8%A8%D8%A7%DB%8C%D8%AA-%D9%88-%D8%B1%D9%85-6-%DA%AF%DB%8C%DA%AF%D8%A7%D8%A8%D8%A7%DB%8C%D8%AA-%D9%88%DB%8C%D8%AA%D9%86%D8%A7%D9%85/,گوشی موبایل سامسونگ مدل Galaxy A24 4G دو سیم کارت ظرفیت 128 گیگابایت و رم 6 گیگابایت - ویتنام
14,samsung,Galaxy A14,NAN,7199000,128,شش گیگابایت,مشکی,https://www.digikala.com/product/dkp-10937992/%DA%AF%D9%88%D8%B4%DB%8C-%D9%85%D9%88%D8%A8%D8%A7%DB%8C%D9%84-%D8%B3%D8%A7%D9%85%D8%B3%D9%88%D9%86%DA%AF-%D9%85%D8%AF%D9%84-galaxy-a14-%D8%AF%D9%88-%D8%B3%DB%8C%D9%85-%DA%A9%D8%A7%D8%B1%D8%AA-%D8%B8%D8%B1%D9%81%DB%8C%D8%AA-128-%DA%AF%DB%8C%DA%AF%D8%A7%D8%A8%D8%A7%DB%8C%D8%AA-%D9%88-%D8%B1%D9%85-6-%DA%AF%DB%8C%DA%AF%D8%A7%D8%A8%D8%A7%DB%8C%D8%AA/,گوشی موبایل سامسونگ مدل Galaxy A14 دو سیم کارت ظرفیت 128 گیگابایت و رم 6 گیگابایت
15,samsung,Galaxy S21 FE 5G,NAN,19450000,256,هشت گیگابایت,سفید,https://www.digikala.com/product/dkp-7475119/%DA%AF%D9%88%D8%B4%DB%8C-%D9%85%D9%88%D8%A8%D8%A7%DB%8C%D9%84-%D8%B3%D8%A7%D9%85%D8%B3%D9%88%D9%86%DA%AF-%D9%85%D8%AF%D9%84-galaxy-s21-fe-5g-%D8%AF%D9%88-%D8%B3%DB%8C%D9%85-%DA%A9%D8%A7%D8%B1%D8%AA-%D8%B8%D8%B1%D9%81%DB%8C%D8%AA-256-%DA%AF%DB%8C%DA%AF%D8%A7%D8%A8%D8%A7%DB%8C%D8%AA-%D9%88-%D8%B1%D9%85-8-%DA%AF%DB%8C%DA%AF%D8%A7%D8%A8%D8%A7%DB%8C%D8%AA/,گوشی موبایل سامسونگ مدل Galaxy S21 FE 5G دو سیم‌ کارت ظرفیت 256 گیگابایت و رم 8 گیگابایت
16,samsung,Galaxy M13,NAN,5349000,64,چهار گیگابایت,آبی,https://www.digikala.com/product/dkp-9582548/%DA%AF%D9%88%D8%B4%DB%8C-%D9%85%D9%88%D8%A8%D8%A7%DB%8C%D9%84-%D8%B3%D8%A7%D9%85%D8%B3%D9%88%D9%86%DA%AF-%D9%85%D8%AF%D9%84-galaxy-m13-%D8%AF%D9%88-%D8%B3%DB%8C%D9%85-%DA%A9%D8%A7%D8%B1%D8%AA-%D8%B8%D8%B1%D9%81%DB%8C%D8%AA-64-%DA%AF%DB%8C%DA%AF%D8%A7%D8%A8%D8%A7%DB%8C%D8%AA-%D9%88-%D8%B1%D9%85-4-%DA%AF%DB%8C%DA%AF%D8%A7%D8%A8%D8%A7%DB%8C%D8%AA-%D9%BE%DA%A9-%D9%87%D9%86%D8%AF/,گوشی موبایل سامسونگ مدل Galaxy M13 دو سیم کارت ظرفیت 64 گیگابایت و رم 4 گیگابایت - پک هند اکتیو
17,samsung,Sm_B315E,NAN,955000,NAN,NAN,سفید,https://www.digikala.com/product/dkp-9674289/%DA%AF%D9%88%D8%B4%DB%8C-%D9%85%D9%88%D8%A8%D8%A7%DB%8C%D9%84-%D8%B3%D8%A7%D9%85%D8%B3%D9%88%D9%86%DA%AF-%D9%85%D8%AF%D9%84-sm-b315e-%D8%AF%D9%88-%D8%B3%DB%8C%D9%85-%DA%A9%D8%A7%D8%B1%D8%AA/,گوشی موبایل سامسونگ مدل Sm_B315E دو سیم کارت
18,samsung,Galaxy A24 4G,NAN,7199000,128,چهار گیگابایت,مشکی,https://www.digikala.com/product/dkp-11341226/%DA%AF%D9%88%D8%B4%DB%8C-%D9%85%D9%88%D8%A8%D8%A7%DB%8C%D9%84-%D8%B3%D8%A7%D9%85%D8%B3%D9%88%D9%86%DA%AF-%D9%85%D8%AF%D9%84-galaxy-a24-4g-%D8%AF%D9%88-%D8%B3%DB%8C%D9%85-%DA%A9%D8%A7%D8%B1%D8%AA-%D8%B8%D8%B1%D9%81%DB%8C%D8%AA-128-%DA%AF%DB%8C%DA%AF%D8%A7%D8%A8%D8%A7%DB%8C%D8%AA-%D9%88-%D8%B1%D9%85-4-%DA%AF%DB%8C%DA%AF%D8%A7%D8%A8%D8%A7%DB%8C%D8%AA/,گوشی موبایل سامسونگ مدل Galaxy A24 4G دو سیم کارت ظرفیت 128 گیگابایت و رم 4 گیگابایت
19,samsung,Galaxy A24 4G,NAN,7750000,128,چهار گیگابایت,مشکی,https://www.digikala.com/product/dkp-11341739/%DA%AF%D9%88%D8%B4%DB%8C-%D9%85%D9%88%D8%A8%D8%A7%DB%8C%D9%84-%D8%B3%D8%A7%D9%85%D8%B3%D9%88%D9%86%DA%AF-%D9%85%D8%AF%D9%84-galaxy-a24-4g-%D8%AF%D9%88-%D8%B3%DB%8C%D9%85-%DA%A9%D8%A7%D8%B1%D8%AA-%D8%B8%D8%B1%D9%81%DB%8C%D8%AA-128-%DA%AF%DB%8C%DA%AF%D8%A7%D8%A8%D8%A7%DB%8C%D8%AA-%D9%88-%D8%B1%D9%85-4-%DA%AF%DB%8C%DA%AF%D8%A7%D8%A8%D8%A7%DB%8C%D8%AA-%D9%88%DB%8C%D8%AA%D9%86%D8%A7%D9%85/,گوشی موبایل سامسونگ مدل Galaxy A24 4G دو سیم کارت ظرفیت 128 گیگابایت و رم 4 گیگابایت - ویتنام
20,samsung,Galaxy A04s,NAN,4980000,64,چهار گیگابایت,مشکی,https://www.digikala.com/product/dkp-9651224/%DA%AF%D9%88%D8%B4%DB%8C-%D9%85%D9%88%D8%A8%D8%A7%DB%8C%D9%84-%D8%B3%D8%A7%D9%85%D8%B3%D9%88%D9%86%DA%AF-%D9%85%D8%AF%D9%84-galaxy-a04s-%D8%AF%D9%88-%D8%B3%DB%8C%D9%85-%DA%A9%D8%A7%D8%B1%D8%AA-%D8%B8%D8%B1%D9%81%DB%8C%D8%AA-64-%DA%AF%DB%8C%DA%AF%D8%A7%D8%A8%D8%A7%DB%8C%D8%AA-%D9%88-%D8%B1%D9%85-4-%DA%AF%DB%8C%DA%AF%D8%A7%D8%A8%D8%A7%DB%8C%D8%AA/,گوشی موبایل سامسونگ مدل Galaxy A04s دو سیم کارت ظرفیت 64 گیگابایت و رم 4 گیگابایت
21,samsung,Galaxy S23 Ultra,NAN,49000000,256,۱۲ گیگابایت,مشکی,https://www.digikala.com/product/dkp-11103764/%DA%AF%D9%88%D8%B4%DB%8C-%D9%85%D9%88%D8%A8%D8%A7%DB%8C%D9%84-%D8%B3%D8%A7%D9%85%D8%B3%D9%88%D9%86%DA%AF-%D9%85%D8%AF%D9%84-galaxy-s23-ultra-%D8%AF%D9%88-%D8%B3%DB%8C%D9%85-%DA%A9%D8%A7%D8%B1%D8%AA-%D8%B8%D8%B1%D9%81%DB%8C%D8%AA-256-%DA%AF%DB%8C%DA%AF%D8%A7%D8%A8%D8%A7%DB%8C%D8%AA-%D9%88-%D8%B1%D9%85-12-%DA%AF%DB%8C%DA%AF%D8%A7%D8%A8%D8%A7%DB%8C%D8%AA-clone-1-of-10631965/,گوشی موبایل سامسونگ مدل Galaxy S23 Ultra دو سیم کارت ظرفیت 256 گیگابایت و رم 12 گیگابایت - ویتنام
22,samsung,Galaxy A03 Core SM-A032F/DS,NAN,3670000,32,دو گیگابایت,مشکی,https://www.digikala.com/product/dkp-7384166/%DA%AF%D9%88%D8%B4%DB%8C-%D9%85%D9%88%D8%A8%D8%A7%DB%8C%D9%84-%D8%B3%D8%A7%D9%85%D8%B3%D9%88%D9%86%DA%AF-%D9%85%D8%AF%D9%84-galaxy-a03-core-sm-a032fds-%D8%AF%D9%88-%D8%B3%DB%8C%D9%85-%DA%A9%D8%A7%D8%B1%D8%AA-%D8%B8%D8%B1%D9%81%DB%8C%D8%AA-32-%DA%AF%DB%8C%DA%AF%D8%A7%D8%A8%D8%A7%DB%8C%D8%AA-%D9%88-%D8%B1%D9%85-2-%DA%AF%DB%8C%DA%AF%D8%A7%D8%A8%D8%A7%DB%8C%D8%AA/,گوشی موبایل سامسونگ مدل Galaxy A03 Core SM-A032F/DS دو سیم‌ کارت ظرفیت 32 گیگابایت و رم 2 گیگابایت
23,samsung,Galaxy A54 5G,NAN,15710000,128,هشت گیگابایت,مشکی,https://www.digikala.com/product/dkp-11346266/%DA%AF%D9%88%D8%B4%DB%8C-%D9%85%D9%88%D8%A8%D8%A7%DB%8C%D9%84-%D8%B3%D8%A7%D9%85%D8%B3%D9%88%D9%86%DA%AF-%D9%85%D8%AF%D9%84-galaxy-a54-5g-%D8%AF%D9%88-%D8%B3%DB%8C%D9%85-%DA%A9%D8%A7%D8%B1%D8%AA-%D8%B8%D8%B1%D9%81%DB%8C%D8%AA-128-%DA%AF%DB%8C%DA%AF%D8%A7%D8%A8%D8%A7%DB%8C%D8%AA-%D9%88-%D8%B1%D9%85-8-%DA%AF%DB%8C%DA%AF%D8%A7%D8%A8%D8%A7%DB%8C%D8%AA-%D9%88%DB%8C%D8%AA%D9%86%D8%A7%D9%85/,گوشی موبایل سامسونگ مدل Galaxy A54 5G دو سیم کارت ظرفیت 128 گیگابایت و رم 8 گیگابایت - ویتنام
24,samsung,Galaxy A04,NAN,3850000,32,سه گیگابایت,مشکی,https://www.digikala.com/product/dkp-9865926/%DA%AF%D9%88%D8%B4%DB%8C-%D9%85%D9%88%D8%A8%D8%A7%DB%8C%D9%84-%D8%B3%D8%A7%D9%85%D8%B3%D9%88%D9%86%DA%AF-%D9%85%D8%AF%D9%84-galaxy-a04-%D8%AF%D9%88-%D8%B3%DB%8C%D9%85-%DA%A9%D8%A7%D8%B1%D8%AA-%D8%B8%D8%B1%D9%81%DB%8C%D8%AA-32-%DA%AF%DB%8C%DA%AF%D8%A7%D8%A8%D8%A7%DB%8C%D8%AA-%D9%88-%D8%B1%D9%85-3-%DA%AF%DB%8C%DA%AF%D8%A7%D8%A8%D8%A7%DB%8C%D8%AA/,گوشی موبایل سامسونگ مدل Galaxy A04 دو سیم کارت ظرفیت 32 گیگابایت و رم 3 گیگابایت
25,samsung,Galaxy A34 5G,NAN,11650000,128,شش گیگابایت,زرد لیمویی,https://www.digikala.com/product/dkp-11346361/%DA%AF%D9%88%D8%B4%DB%8C-%D9%85%D9%88%D8%A8%D8%A7%DB%8C%D9%84-%D8%B3%D8%A7%D9%85%D8%B3%D9%88%D9%86%DA%AF-%D9%85%D8%AF%D9%84-galaxy-a34-5g-%D8%AF%D9%88-%D8%B3%DB%8C%D9%85-%DA%A9%D8%A7%D8%B1%D8%AA-%D8%B8%D8%B1%D9%81%DB%8C%D8%AA-128-%DA%AF%DB%8C%DA%AF%D8%A7%D8%A8%D8%A7%DB%8C%D8%AA-%D9%88-%D8%B1%D9%85-6-%DA%AF%DB%8C%DA%AF%D8%A7%D8%A8%D8%A7%DB%8C%D8%AA-%D9%88%DB%8C%D8%AA%D9%86%D8%A7%D9%85/,گوشی موبایل سامسونگ مدل Galaxy A34 5G دو سیم کارت ظرفیت 128 گیگابایت و رم 6 گیگابایت - ویتنام
26,samsung,Galaxy A23 SM-A235,NAN,8999000,128,شش گیگابایت,مشکی,https://www.digikala.com/product/dkp-8360850/%DA%AF%D9%88%D8%B4%DB%8C-%D9%85%D9%88%D8%A8%D8%A7%DB%8C%D9%84-%D8%B3%D8%A7%D9%85%D8%B3%D9%88%D9%86%DA%AF-%D9%85%D8%AF%D9%84-galaxy-a23-sm-a235-%D8%AF%D9%88-%D8%B3%DB%8C%D9%85-%DA%A9%D8%A7%D8%B1%D8%AA-%D8%B8%D8%B1%D9%81%DB%8C%D8%AA-128-%DA%AF%DB%8C%DA%AF%D8%A7%D8%A8%D8%A7%DB%8C%D8%AA-%D9%88-%D8%B1%D9%85-6-%DA%AF%DB%8C%DA%AF%D8%A7%D8%A8%D8%A7%DB%8C%D8%AA/,گوشی موبایل سامسونگ مدل Galaxy A23 SM-A235 دو سیم کارت ظرفیت 128 گیگابایت و رم 6 گیگابایت
27,samsung,Galaxy A54 5G,NAN,16549000,256,هشت گیگابایت,مشکی,https://www.digikala.com/product/dkp-10940362/%DA%AF%D9%88%D8%B4%DB%8C-%D9%85%D9%88%D8%A8%D8%A7%DB%8C%D9%84-%D8%B3%D8%A7%D9%85%D8%B3%D9%88%D9%86%DA%AF-%D9%85%D8%AF%D9%84-galaxy-a54-5g-%D8%AF%D9%88-%D8%B3%DB%8C%D9%85-%DA%A9%D8%A7%D8%B1%D8%AA-%D8%B8%D8%B1%D9%81%DB%8C%D8%AA-256-%DA%AF%DB%8C%DA%AF%D8%A7%D8%A8%D8%A7%DB%8C%D8%AA-%D9%88-%D8%B1%D9%85-8-%DA%AF%DB%8C%DA%AF%D8%A7%D8%A8%D8%A7%DB%8C%D8%AA/,گوشی موبایل سامسونگ مدل Galaxy A54 5G دو سیم کارت ظرفیت 256 گیگابایت و رم 8 گیگابایت
28,samsung,Galaxy A13,NAN,7870000,128,چهار گیگابایت,مشکی,https://www.digikala.com/product/dkp-9636489/%DA%AF%D9%88%D8%B4%DB%8C-%D9%85%D9%88%D8%A8%D8%A7%DB%8C%D9%84-%D8%B3%D8%A7%D9%85%D8%B3%D9%88%D9%86%DA%AF-%D9%85%D8%AF%D9%84-galaxy-a13-%D8%AF%D9%88-%D8%B3%DB%8C%D9%85-%DA%A9%D8%A7%D8%B1%D8%AA-%D8%B8%D8%B1%D9%81%DB%8C%D8%AA-128-%DA%AF%DB%8C%DA%AF%D8%A7%D8%A8%D8%A7%DB%8C%D8%AA-%D9%88-%D8%B1%D9%85-4-%DA%AF%DB%8C%DA%AF%D8%A7%D8%A8%D8%A7%DB%8C%D8%AA-%D9%88%DB%8C%D8%AA%D9%86%D8%A7%D9%85/,گوشی موبایل سامسونگ مدل Galaxy A13 دو سیم کارت ظرفیت 128 گیگابایت و رم 4 گیگابایت به همراه شارژر
29,samsung,Galaxy A13,NAN,6899000,64,چهار گیگابایت,مشکی,https://www.digikala.com/product/dkp-9681959/%DA%AF%D9%88%D8%B4%DB%8C-%D9%85%D9%88%D8%A8%D8%A7%DB%8C%D9%84-%D8%B3%D8%A7%D9%85%D8%B3%D9%88%D9%86%DA%AF-%D9%85%D8%AF%D9%84-galaxy-a13-%D8%AF%D9%88-%D8%B3%DB%8C%D9%85-%DA%A9%D8%A7%D8%B1%D8%AA-%D8%B8%D8%B1%D9%81%DB%8C%D8%AA-64-%DA%AF%DB%8C%DA%AF%D8%A7%D8%A8%D8%A7%DB%8C%D8%AA-%D9%88-%D8%B1%D9%85-4-%DA%AF%DB%8C%DA%AF%D8%A7%D8%A8%D8%A7%DB%8C%D8%AA-%D8%A8%D9%87-%D9%87%D9%85%D8%B1%D8%A7%D9%87-%D8%B4%D8%A7%D8%B1%DA%98%D8%B1/,گوشی موبایل سامسونگ مدل Galaxy A13 دو سیم کارت ظرفیت 64 گیگابایت و رم 4 گیگابایت به همراه شارژر
30,samsung,Galaxy A53 5G,NAN,15799900,256,هشت گیگابایت,مشکی,https://www.digikala.com/product/dkp-8119459/%DA%AF%D9%88%D8%B4%DB%8C-%D9%85%D9%88%D8%A8%D8%A7%DB%8C%D9%84-%D8%B3%D8%A7%D9%85%D8%B3%D9%88%D9%86%DA%AF-%D9%85%D8%AF%D9%84-galaxy-a53-5g-%D8%AF%D9%88-%D8%B3%DB%8C%D9%85-%DA%A9%D8%A7%D8%B1%D8%AA-%D8%B8%D8%B1%D9%81%DB%8C%D8%AA-256-%DA%AF%DB%8C%DA%AF%D8%A7%D8%A8%D8%A7%DB%8C%D8%AA-%D9%88-%D8%B1%D9%85-8-%DA%AF%DB%8C%DA%AF%D8%A7%D8%A8%D8%A7%DB%8C%D8%AA-%D8%A7%DA%A9%D8%AA%DB%8C%D9%88/,گوشی موبایل سامسونگ مدل Galaxy A53 5G دو سیم کارت ظرفیت 256 گیگابایت و رم 8 گیگابایت
31,samsung,Galaxy A34 5G,NAN,14050000,256,هشت گیگابایت,مشکی,https://www.digikala.com/product/dkp-12082827/%DA%AF%D9%88%D8%B4%DB%8C-%D9%85%D9%88%D8%A8%D8%A7%DB%8C%D9%84-%D8%B3%D8%A7%D9%85%D8%B3%D9%88%D9%86%DA%AF-%D9%85%D8%AF%D9%84-galaxy-a34-5g-%D8%AF%D9%88-%D8%B3%DB%8C%D9%85-%DA%A9%D8%A7%D8%B1%D8%AA-%D8%B8%D8%B1%D9%81%DB%8C%D8%AA-256-%DA%AF%DB%8C%DA%AF%D8%A7%D8%A8%D8%A7%DB%8C%D8%AA-%D9%88-%D8%B1%D9%85-8-%DA%AF%DB%8C%DA%AF%D8%A7%D8%A8%D8%A7%DB%8C%D8%AA-%D9%88%DB%8C%D8%AA%D9%86%D8%A7%D9%85-clone-1-of-11778941/,گوشی موبایل سامسونگ مدل Galaxy A34 5G دو سیم کارت ظرفیت 256 گیگابایت و رم 8 گیگابایت
32,samsung,Galaxy A54 5G,NAN,15850000,128,هشت گیگابایت,مشکی,https://www.digikala.com/product/dkp-10940330/%DA%AF%D9%88%D8%B4%DB%8C-%D9%85%D9%88%D8%A8%D8%A7%DB%8C%D9%84-%D8%B3%D8%A7%D9%85%D8%B3%D9%88%D9%86%DA%AF-%D9%85%D8%AF%D9%84-galaxy-a54-5g-%D8%AF%D9%88-%D8%B3%DB%8C%D9%85-%DA%A9%D8%A7%D8%B1%D8%AA-%D8%B8%D8%B1%D9%81%DB%8C%D8%AA-128-%DA%AF%DB%8C%DA%AF%D8%A7%D8%A8%D8%A7%DB%8C%D8%AA-%D9%88-%D8%B1%D9%85-8-%DA%AF%DB%8C%DA%AF%D8%A7%D8%A8%D8%A7%DB%8C%D8%AA/,گوشی موبایل سامسونگ مدل Galaxy A54 5G دو سیم کارت ظرفیت 128 گیگابایت و رم 8 گیگابایت
33,samsung,Galaxy M33 5G SM-M336B/DS,NAN,8850000,128,هشت گیگابایت,آبی,https://www.digikala.com/product/dkp-8570103/%DA%AF%D9%88%D8%B4%DB%8C-%D9%85%D9%88%D8%A8%D8%A7%DB%8C%D9%84-%D8%B3%D8%A7%D9%85%D8%B3%D9%88%D9%86%DA%AF-%D9%85%D8%AF%D9%84-galaxy-m33-5g-sm-m336bds-%D8%AF%D9%88-%D8%B3%DB%8C%D9%85-%DA%A9%D8%A7%D8%B1%D8%AA-%D8%B8%D8%B1%D9%81%DB%8C%D8%AA-128-%DA%AF%DB%8C%DA%AF%D8%A7%D8%A8%D8%A7%DB%8C%D8%AA-%D9%88-%D8%B1%D9%85-8-%DA%AF%DB%8C%DA%AF%D8%A7%D8%A8%D8%A7%DB%8C%D8%AA-%D8%A7%DA%A9%D8%AA%DB%8C%D9%88/,گوشی موبایل سامسونگ مدل Galaxy M33 5G SM-M336B/DS دو سیم‌ کارت ظرفیت 128 گیگابایت و رم 8 گیگابایت - اکتیو
34,samsung,Galaxy A24 4G,NAN,9380000,128,هشت گیگابایت,مشکی,https://www.digikala.com/product/dkp-11590932/%DA%AF%D9%88%D8%B4%DB%8C-%D9%85%D9%88%D8%A8%D8%A7%DB%8C%D9%84-%D8%B3%D8%A7%D9%85%D8%B3%D9%88%D9%86%DA%AF-%D9%85%D8%AF%D9%84-galaxy-a24-4g-%D8%AF%D9%88-%D8%B3%DB%8C%D9%85-%DA%A9%D8%A7%D8%B1%D8%AA-%D8%B8%D8%B1%D9%81%DB%8C%D8%AA-128-%DA%AF%DB%8C%DA%AF%D8%A7%D8%A8%D8%A7%DB%8C%D8%AA-%D9%88-%D8%B1%D9%85-8-%DA%AF%DB%8C%DA%AF%D8%A7%D8%A8%D8%A7%DB%8C%D8%AA-clone-1-of-11159306/,گوشی موبایل سامسونگ مدل Galaxy A24 4G دو سیم کارت ظرفیت 128 گیگابایت و رم 8 گیگابایت - ویتنام
35,samsung,Galaxy A33 5G,NAN,12999000,128,هشت گیگابایت,مشکی,https://www.digikala.com/product/dkp-9662086/%DA%AF%D9%88%D8%B4%DB%8C-%D9%85%D9%88%D8%A8%D8%A7%DB%8C%D9%84-%D8%B3%D8%A7%D9%85%D8%B3%D9%88%D9%86%DA%AF-%D9%85%D8%AF%D9%84-galaxy-a33-5g-%D8%AF%D9%88-%D8%B3%DB%8C%D9%85-%DA%A9%D8%A7%D8%B1%D8%AA-%D8%B8%D8%B1%D9%81%DB%8C%D8%AA-128-%DA%AF%DB%8C%DA%AF%D8%A7%D8%A8%D8%A7%DB%8C%D8%AA-%D9%88-%D8%B1%D9%85-8-%DA%AF%DB%8C%DA%AF%D8%A7%D8%A8%D8%A7%DB%8C%D8%AA-%D9%88%DB%8C%D8%AA%D9%86%D8%A7%D9%85/,گوشی موبایل سامسونگ مدل Galaxy A33 5G دو سیم کارت ظرفیت 128 گیگابایت و رم 8 گیگابایت - ویتنام
36,samsung,Galaxy M33 5G SM-M336B/DS,NAN,7849000,128,شش گیگابایت,آبی,https://www.digikala.com/product/dkp-8796893/%DA%AF%D9%88%D8%B4%DB%8C-%D9%85%D9%88%D8%A8%D8%A7%DB%8C%D9%84-%D8%B3%D8%A7%D9%85%D8%B3%D9%88%D9%86%DA%AF-%D9%85%D8%AF%D9%84-galaxy-m33-5g-sm-m336buds-%D8%AF%D9%88-%D8%B3%DB%8C%D9%85-%DA%A9%D8%A7%D8%B1%D8%AA-%D8%B8%D8%B1%D9%81%DB%8C%D8%AA-128-%DA%AF%DB%8C%DA%AF%D8%A7%D8%A8%D8%A7%DB%8C%D8%AA-%D9%88-%D8%B1%D9%85-6-%DA%AF%DB%8C%DA%AF%D8%A7%D8%A8%D8%A7%DB%8C%D8%AA-%D8%A7%DA%A9%D8%AA%DB%8C%D9%88/,گوشی موبایل سامسونگ مدل Galaxy M33 5G SM-M336BU/DS دو سیم‌ کارت ظرفیت 128 گیگابایت و رم 6 گیگابایت - اکتیو
37,samsung,Galaxy A34 5G,NAN,14460000,256,هشت گیگابایت,بنفش,https://www.digikala.com/product/dkp-11778941/%DA%AF%D9%88%D8%B4%DB%8C-%D9%85%D9%88%D8%A8%D8%A7%DB%8C%D9%84-%D8%B3%D8%A7%D9%85%D8%B3%D9%88%D9%86%DA%AF-%D9%85%D8%AF%D9%84-galaxy-a34-5g-%D8%AF%D9%88-%D8%B3%DB%8C%D9%85-%DA%A9%D8%A7%D8%B1%D8%AA-%D8%B8%D8%B1%D9%81%DB%8C%D8%AA-128-%DA%AF%DB%8C%DA%AF%D8%A7%D8%A8%D8%A7%DB%8C%D8%AA-%D9%88-%D8%B1%D9%85-8-%DA%AF%DB%8C%DA%AF%D8%A7%D8%A8%D8%A7%DB%8C%D8%AA-%D9%88%DB%8C%D8%AA%D9%86%D8%A7%D9%85-clone-1-of-11346346/,گوشی موبایل سامسونگ مدل Galaxy A34 5G دو سیم کارت ظرفیت 256 گیگابایت و رم 8 گیگابایت - ویتنام
38,samsung,Galaxy A33 5G SM-A336E/DSN,NAN,11999000,128,هشت گیگابایت,سفید,https://www.digikala.com/product/dkp-8360722/%DA%AF%D9%88%D8%B4%DB%8C-%D9%85%D9%88%D8%A8%D8%A7%DB%8C%D9%84-%D8%B3%D8%A7%D9%85%D8%B3%D9%88%D9%86%DA%AF-%D9%85%D8%AF%D9%84-galaxy-a33-5g-sm-a336edsn-%D8%AF%D9%88-%D8%B3%DB%8C%D9%85-%DA%A9%D8%A7%D8%B1%D8%AA-%D8%B8%D8%B1%D9%81%DB%8C%D8%AA-128-%DA%AF%DB%8C%DA%AF%D8%A7%D8%A8%D8%A7%DB%8C%D8%AA-%D9%88-%D8%B1%D9%85-8-%DA%AF%DB%8C%DA%AF%D8%A7%D8%A8%D8%A7%DB%8C%D8%AA/,گوشی موبایل سامسونگ مدل Galaxy A33 5G SM-A336E/DSN دو سیم کارت ظرفیت 128 گیگابایت و رم 8 گیگابایت
39,samsung,Galaxy M32 SM-M325FV/DS,NAN,8299000,128,شش گیگابایت,مشکی,https://www.digikala.com/product/dkp-6244698/%DA%AF%D9%88%D8%B4%DB%8C-%D9%85%D9%88%D8%A8%D8%A7%DB%8C%D9%84-%D8%B3%D8%A7%D9%85%D8%B3%D9%88%D9%86%DA%AF-%D9%85%D8%AF%D9%84-galaxy-m32-%D8%AF%D9%88-%D8%B3%DB%8C%D9%85-%DA%A9%D8%A7%D8%B1%D8%AA-%D8%B8%D8%B1%D9%81%DB%8C%D8%AA-128-%DA%AF%DB%8C%DA%AF%D8%A7%D8%A8%D8%A7%DB%8C%D8%AA-%D9%88-%D8%B1%D9%85-6-%DA%AF%DB%8C%DA%AF%D8%A7%D8%A8%D8%A7%DB%8C%D8%AA-%D9%87%D9%86%D8%AF/,گوشی موبایل سامسونگ مدل Galaxy M32 دو سیم‌ کارت ظرفیت 128 گیگابایت و رم 6 گیگابایت - هند اکتیو
40,samsung,Galaxy S23 Ultra,50300000,51800000,256,۱۲ گیگابایت,مشکی,https://www.digikala.com/product/dkp-10631965/%DA%AF%D9%88%D8%B4%DB%8C-%D9%85%D9%88%D8%A8%D8%A7%DB%8C%D9%84-%D8%B3%D8%A7%D9%85%D8%B3%D9%88%D9%86%DA%AF-%D9%85%D8%AF%D9%84-galaxy-s23-ultra-%D8%AF%D9%88-%D8%B3%DB%8C%D9%85-%DA%A9%D8%A7%D8%B1%D8%AA-%D8%B8%D8%B1%D9%81%DB%8C%D8%AA-256-%DA%AF%DB%8C%DA%AF%D8%A7%D8%A8%D8%A7%DB%8C%D8%AA-%D9%88-%D8%B1%D9%85-12-%DA%AF%DB%8C%DA%AF%D8%A7%D8%A8%D8%A7%DB%8C%D8%AA/,گوشی موبایل سامسونگ مدل Galaxy S23 Ultra دو سیم کارت ظرفیت 256 گیگابایت و رم 12 گیگابایت
41,samsung,Galaxy M13,NAN,6790000,128,شش گیگابایت,آبی,https://www.digikala.com/product/dkp-9651279/%DA%AF%D9%88%D8%B4%DB%8C-%D9%85%D9%88%D8%A8%D8%A7%DB%8C%D9%84-%D8%B3%D8%A7%D9%85%D8%B3%D9%88%D9%86%DA%AF-%D9%85%D8%AF%D9%84-galaxy-m13-%D8%AF%D9%88-%D8%B3%DB%8C%D9%85-%DA%A9%D8%A7%D8%B1%D8%AA-%D8%B8%D8%B1%D9%81%DB%8C%D8%AA-128-%DA%AF%DB%8C%DA%AF%D8%A7%D8%A8%D8%A7%DB%8C%D8%AA-%D9%88-%D8%B1%D9%85-6-%DA%AF%DB%8C%DA%AF%D8%A7%D8%A8%D8%A7%DB%8C%D8%AA-%D9%87%D9%86%D8%AF/,گوشی موبایل سامسونگ مدل Galaxy M13 دو سیم کارت ظرفیت 128 گیگابایت و رم 6 گیگابایت - هند اکتیو
42,samsung,Galaxy A14,NAN,6090000,64,چهار گیگابایت,مشکی,https://www.digikala.com/product/dkp-11490357/%DA%AF%D9%88%D8%B4%DB%8C-%D9%85%D9%88%D8%A8%D8%A7%DB%8C%D9%84-%D8%B3%D8%A7%D9%85%D8%B3%D9%88%D9%86%DA%AF-%D9%85%D8%AF%D9%84-galaxy-a14-%D8%AF%D9%88-%D8%B3%DB%8C%D9%85-%DA%A9%D8%A7%D8%B1%D8%AA-%D8%B8%D8%B1%D9%81%DB%8C%D8%AA-64-%DA%AF%DB%8C%DA%AF%D8%A7%D8%A8%D8%A7%DB%8C%D8%AA-%D9%88-%D8%B1%D9%85-4-%DA%AF%DB%8C%DA%AF%D8%A7%D8%A8%D8%A7%DB%8C%D8%AA-%D8%A8%D9%87-%D9%87%D9%85%D8%B1%D8%A7%D9%87-%D8%B4%D8%A7%D8%B1%DA%98%D8%B1-%D8%AF%DB%8C%D9%88%D8%A7%D8%B1%DB%8C-25-%D9%88%D8%A7%D8%AA-%D8%B3%D8%A7%D9%85%D8%B3%D9%88%D9%86%DA%AF/,گوشی موبایل سامسونگ مدل Galaxy A14 دو سیم کارت ظرفیت 64 گیگابایت و رم 4 گیگابایت به همراه شارژر سامسونگ
43,samsung,Galaxy A04s,NAN,4350000,32,سه گیگابایت,مشکی,https://www.digikala.com/product/dkp-9651132/%DA%AF%D9%88%D8%B4%DB%8C-%D9%85%D9%88%D8%A8%D8%A7%DB%8C%D9%84-%D8%B3%D8%A7%D9%85%D8%B3%D9%88%D9%86%DA%AF-%D9%85%D8%AF%D9%84-galaxy-a04s-%D8%AF%D9%88-%D8%B3%DB%8C%D9%85-%DA%A9%D8%A7%D8%B1%D8%AA-%D8%B8%D8%B1%D9%81%DB%8C%D8%AA-32-%DA%AF%DB%8C%DA%AF%D8%A7%D8%A8%D8%A7%DB%8C%D8%AA-%D9%88-%D8%B1%D9%85-3-%DA%AF%DB%8C%DA%AF%D8%A7%D8%A8%D8%A7%DB%8C%D8%AA/,گوشی موبایل سامسونگ مدل Galaxy A04s دو سیم کارت ظرفیت 32 گیگابایت و رم 3 گیگابایت
44,samsung,Galaxy A04s,NAN,4399000,32,سه گیگابایت,مشکی,https://www.digikala.com/product/dkp-9805951/%DA%AF%D9%88%D8%B4%DB%8C-%D9%85%D9%88%D8%A8%D8%A7%DB%8C%D9%84-%D8%B3%D8%A7%D9%85%D8%B3%D9%88%D9%86%DA%AF-%D9%85%D8%AF%D9%84-galaxy-a04s-%D8%AF%D9%88-%D8%B3%DB%8C%D9%85-%DA%A9%D8%A7%D8%B1%D8%AA-%D8%B8%D8%B1%D9%81%DB%8C%D8%AA-32-%DA%AF%DB%8C%DA%AF%D8%A7%D8%A8%D8%A7%DB%8C%D8%AA-%D9%88-%D8%B1%D9%85-3-%DA%AF%DB%8C%DA%AF%D8%A7%D8%A8%D8%A7%DB%8C%D8%AA-%D9%88%DB%8C%D8%AA%D9%86%D8%A7%D9%85/,گوشی موبایل سامسونگ مدل Galaxy A04s دو سیم کارت ظرفیت 32 گیگابایت و رم 3 گیگابایت - ویتنام
45,samsung,Galaxy S22 Ultra 5G,NAN,46300000,256,۱۲ گیگابایت,مشکی,https://www.digikala.com/product/dkp-8086833/%DA%AF%D9%88%D8%B4%DB%8C-%D9%85%D9%88%D8%A8%D8%A7%DB%8C%D9%84-%D8%B3%D8%A7%D9%85%D8%B3%D9%88%D9%86%DA%AF-%D9%85%D8%AF%D9%84-galaxy-s22-ultra-5g-%D8%AF%D9%88-%D8%B3%DB%8C%D9%85-%DA%A9%D8%A7%D8%B1%D8%AA-%D8%B8%D8%B1%D9%81%DB%8C%D8%AA-256-%DA%AF%DB%8C%DA%AF%D8%A7%D8%A8%D8%A7%DB%8C%D8%AA-%D9%88-%D8%B1%D9%85-12-%DA%AF%DB%8C%DA%AF%D8%A7%D8%A8%D8%A7%DB%8C%D8%AA-%D9%86%D8%B3%D8%AE%D9%87-%D8%A7%D8%B3%D9%86%D9%BE%D8%AF%D8%B1%D8%A7%DA%AF%D9%88%D9%86/,گوشی موبایل سامسونگ مدل Galaxy S22 Ultra 5G دو سیم کارت ظرفیت 256 گیگابایت و رم 12 گیگابایت نسخه اسنپدراگون
46,samsung,Galaxy S20 FE 5G SM-G781B/DS - International,NAN,16500000,128,هشت گیگابایت,سبز,https://www.digikala.com/product/dkp-4667388/%DA%AF%D9%88%D8%B4%DB%8C-%D9%85%D9%88%D8%A8%D8%A7%DB%8C%D9%84-%D8%B3%D8%A7%D9%85%D8%B3%D9%88%D9%86%DA%AF-%D9%85%D8%AF%D9%84-galaxy-s20-fe-5g-%D8%AF%D9%88-%D8%B3%DB%8C%D9%85-%DA%A9%D8%A7%D8%B1%D8%AA-%D8%B8%D8%B1%D9%81%DB%8C%D8%AA-128-%DA%AF%DB%8C%DA%AF%D8%A7%D8%A8%D8%A7%DB%8C%D8%AA-%D9%88-%D8%B1%D9%85-8-%DA%AF%DB%8C%DA%AF%D8%A7%D8%A8%D8%A7%DB%8C%D8%AA-%D8%A7%DA%A9%D8%AA%DB%8C%D9%88/,گوشی موبایل سامسونگ مدل Galaxy S20 FE 5G دو سیم کارت ظرفیت 128 گیگابایت و رم 8 گیگابایت - اکتیو
47,samsung,Galaxy A53 5G,NAN,14600000,128,هشت گیگابایت,مشکی,https://www.digikala.com/product/dkp-9662519/%DA%AF%D9%88%D8%B4%DB%8C-%D9%85%D9%88%D8%A8%D8%A7%DB%8C%D9%84-%D8%B3%D8%A7%D9%85%D8%B3%D9%88%D9%86%DA%AF-%D9%85%D8%AF%D9%84-galaxy-a53-5g-%D8%AF%D9%88-%D8%B3%DB%8C%D9%85-%DA%A9%D8%A7%D8%B1%D8%AA-%D8%B8%D8%B1%D9%81%DB%8C%D8%AA-128-%DA%AF%DB%8C%DA%AF%D8%A7%D8%A8%D8%A7%DB%8C%D8%AA-%D9%88-%D8%B1%D9%85-8-%DA%AF%DB%8C%DA%AF%D8%A7%D8%A8%D8%A7%DB%8C%D8%AA-%D9%88%DB%8C%D8%AA%D9%86%D8%A7%D9%85/,گوشی موبایل سامسونگ مدل GALAXY A53 5G دو سیم کارت ظرفیت 128 گیگابایت و رم 8 گیگابایت - ویتنام
48,samsung,Galaxy A14,NAN,7960000,128,شش گیگابایت,مشکی,https://www.digikala.com/product/dkp-11763327/%DA%AF%D9%88%D8%B4%DB%8C-%D9%85%D9%88%D8%A8%D8%A7%DB%8C%D9%84-%D8%B3%D8%A7%D9%85%D8%B3%D9%88%D9%86%DA%AF-%D9%85%D8%AF%D9%84-galaxy-a14-%D8%AF%D9%88-%D8%B3%DB%8C%D9%85-%DA%A9%D8%A7%D8%B1%D8%AA-%D8%B8%D8%B1%D9%81%DB%8C%D8%AA-128-%DA%AF%DB%8C%DA%AF%D8%A7%D8%A8%D8%A7%DB%8C%D8%AA-%D9%88-%D8%B1%D9%85-4-%DA%AF%DB%8C%DA%AF%D8%A7%D8%A8%D8%A7%DB%8C%D8%AA-%D8%A8%D9%87-%D9%87%D9%85%D8%B1%D8%A7%D9%87-%D8%B4%D8%A7%D8%B1%DA%98%D8%B1-%D8%B3%D8%A7%D9%85%D8%B3%D9%88%D9%86%DA%AF-clone-1-of-11498216/,گوشی موبایل سامسونگ مدل Galaxy A14 دو سیم کارت ظرفیت 128 گیگابایت و رم 6 گیگابایت به همراه شارژر سامسونگ
49,samsung,Galaxy F13,NAN,5350000,64,چهار گیگابایت,آبی,https://www.digikala.com/product/dkp-9666954/%DA%AF%D9%88%D8%B4%DB%8C-%D9%85%D9%88%D8%A8%D8%A7%DB%8C%D9%84-%D8%B3%D8%A7%D9%85%D8%B3%D9%88%D9%86%DA%AF-%D9%85%D8%AF%D9%84-galaxy-f13-%D8%AF%D9%88-%D8%B3%DB%8C%D9%85-%DA%A9%D8%A7%D8%B1%D8%AA-%D8%B8%D8%B1%D9%81%DB%8C%D8%AA-64-%DA%AF%DB%8C%DA%AF%D8%A7%D8%A8%D8%A7%DB%8C%D8%AA-%D9%88-%D8%B1%D9%85-4-%DA%AF%DB%8C%DA%AF%D8%A7%D8%A8%D8%A7%DB%8C%D8%AA-%D9%87%D9%86%D8%AF/,گوشی موبایل سامسونگ مدل Galaxy F13 دو سیم کارت ظرفیت 64 گیگابایت و رم 4 گیگابایت - هند اکتیو
50,samsung,Galaxy A03 SM-A035F/DS,NAN,4479000,64,چهار گیگابایت,مشکی,https://www.digikala.com/product/dkp-8320800/%DA%AF%D9%88%D8%B4%DB%8C-%D9%85%D9%88%D8%A8%D8%A7%DB%8C%D9%84-%D8%B3%D8%A7%D9%85%D8%B3%D9%88%D9%86%DA%AF-%D9%85%D8%AF%D9%84-galaxy-a03-sm-a035fds-%D8%AF%D9%88-%D8%B3%DB%8C%D9%85-%DA%A9%D8%A7%D8%B1%D8%AA-%D8%B8%D8%B1%D9%81%DB%8C%D8%AA-64-%DA%AF%DB%8C%DA%AF%D8%A7%D8%A8%D8%A7%DB%8C%D8%AA-%D9%88-%D8%B1%D9%85-4-%DA%AF%DB%8C%DA%AF%D8%A7%D8%A8%D8%A7%DB%8C%D8%AA/,گوشی موبایل سامسونگ مدل Galaxy A03 SM-A035F/DS دو سیم‌ کارت ظرفیت 64 گیگابایت و رم 4 گیگابایت
51,samsung,Galaxy A33 5G SM-A336E/DSN,NAN,10849000,128,شش گیگابایت,مشکی,https://www.digikala.com/product/dkp-8627776/%DA%AF%D9%88%D8%B4%DB%8C-%D9%85%D9%88%D8%A8%D8%A7%DB%8C%D9%84-%D8%B3%D8%A7%D9%85%D8%B3%D9%88%D9%86%DA%AF-%D9%85%D8%AF%D9%84-galaxy-a33-5g-sm-a336-%D8%AF%D9%88-%D8%B3%DB%8C%D9%85-%DA%A9%D8%A7%D8%B1%D8%AA-%D8%B8%D8%B1%D9%81%DB%8C%D8%AA-128-%DA%AF%DB%8C%DA%AF%D8%A7%D8%A8%D8%A7%DB%8C%D8%AA-%D9%88-%D8%B1%D9%85-6-%DA%AF%DB%8C%DA%AF%D8%A7%D8%A8%D8%A7%DB%8C%D8%AA/,گوشی موبایل سامسونگ مدل Galaxy A33 5G SM-A336 دو سیم کارت ظرفیت 128 گیگابایت و رم 6 گیگابایت
52,samsung,Galaxy S23 Ultra,NAN,60490000,512,۱۲ گیگابایت,مشکی,https://www.digikala.com/product/dkp-11103849/%DA%AF%D9%88%D8%B4%DB%8C-%D9%85%D9%88%D8%A8%D8%A7%DB%8C%D9%84-%D8%B3%D8%A7%D9%85%D8%B3%D9%88%D9%86%DA%AF-%D9%85%D8%AF%D9%84-galaxy-s23-ultra-%D8%AF%D9%88-%D8%B3%DB%8C%D9%85-%DA%A9%D8%A7%D8%B1%D8%AA-%D8%B8%D8%B1%D9%81%DB%8C%D8%AA-512-%DA%AF%DB%8C%DA%AF%D8%A7%D8%A8%D8%A7%DB%8C%D8%AA-%D9%88-%D8%B1%D9%85-12-%DA%AF%DB%8C%DA%AF%D8%A7%D8%A8%D8%A7%DB%8C%D8%AA-clone-1-of-10658066/,گوشی موبایل سامسونگ مدل Galaxy S23 Ultra دو سیم کارت ظرفیت 512 گیگابایت و رم 12 گیگابایت - ویتنام
53,samsung,Galaxy A24 4G,NAN,9750000,128,هشت گیگابایت,سبز,https://www.digikala.com/product/dkp-11971192/%DA%AF%D9%88%D8%B4%DB%8C-%D9%85%D9%88%D8%A8%D8%A7%DB%8C%D9%84-%D8%B3%D8%A7%D9%85%D8%B3%D9%88%D9%86%DA%AF-%D9%85%D8%AF%D9%84-galaxy-a24-4g-%D8%AF%D9%88-%D8%B3%DB%8C%D9%85-%DA%A9%D8%A7%D8%B1%D8%AA-%D8%B8%D8%B1%D9%81%DB%8C%D8%AA-128-%DA%AF%DB%8C%DA%AF%D8%A7%D8%A8%D8%A7%DB%8C%D8%AA-%D9%88-%D8%B1%D9%85-6-%DA%AF%DB%8C%DA%AF%D8%A7%D8%A8%D8%A7%DB%8C%D8%AA-%D8%A8%D9%87-%D9%87%D9%85%D8%B1%D8%A7%D9%87-%D8%B4%D8%A7%D8%B1%DA%98%D8%B1-%D8%B3%D8%A7%D9%85%D8%B3%D9%88%D9%86%DA%AF-clone-1-of-11578379/,گوشی موبایل سامسونگ مدل Galaxy A24 4G دو سیم کارت ظرفیت 128 گیگابایت و رم 8 گیگابایت به همراه شارژر سامسونگ
54,samsung,Galaxy A23,NAN,9650000,128,شش گیگابایت,مشکی,https://www.digikala.com/product/dkp-9661842/%DA%AF%D9%88%D8%B4%DB%8C-%D9%85%D9%88%D8%A8%D8%A7%DB%8C%D9%84-%D8%B3%D8%A7%D9%85%D8%B3%D9%88%D9%86%DA%AF-%D9%85%D8%AF%D9%84-galaxy-a23-%D8%AF%D9%88-%D8%B3%DB%8C%D9%85-%DA%A9%D8%A7%D8%B1%D8%AA-%D8%B8%D8%B1%D9%81%DB%8C%D8%AA-128-%DA%AF%DB%8C%DA%AF%D8%A7%D8%A8%D8%A7%DB%8C%D8%AA-%D9%88-%D8%B1%D9%85-6-%DA%AF%DB%8C%DA%AF%D8%A7%D8%A8%D8%A7%DB%8C%D8%AA-%D9%88%DB%8C%D8%AA%D9%86%D8%A7%D9%85/,گوشی موبایل سامسونگ مدل Galaxy A23 دو سیم کارت ظرفیت 128 گیگابایت و رم 6 گیگابایت - ویتنام
55,samsung,Galaxy A23,NAN,7530000,64,چهار گیگابایت,مشکی,https://www.digikala.com/product/dkp-9787169/%DA%AF%D9%88%D8%B4%DB%8C-%D9%85%D9%88%D8%A8%D8%A7%DB%8C%D9%84-%D8%B3%D8%A7%D9%85%D8%B3%D9%88%D9%86%DA%AF-%D9%85%D8%AF%D9%84-galaxy-a23-%D8%AF%D9%88-%D8%B3%DB%8C%D9%85-%DA%A9%D8%A7%D8%B1%D8%AA-%D8%B8%D8%B1%D9%81%DB%8C%D8%AA-64-%DA%AF%DB%8C%DA%AF%D8%A7%D8%A8%D8%A7%DB%8C%D8%AA-%D9%88-%D8%B1%D9%85-4-%DA%AF%DB%8C%DA%AF%D8%A7%D8%A8%D8%A7%DB%8C%D8%AA-%D9%88%DB%8C%D8%AA%D9%86%D8%A7%D9%85/,گوشی موبایل سامسونگ مدل Galaxy A23 دو سیم کارت ظرفیت 64 گیگابایت و رم 4 گیگابایت - ویتنام
56,samsung,Galaxy A24 4G,NAN,9140000,128,شش گیگابایت,مشکی,https://www.digikala.com/product/dkp-11578379/%DA%AF%D9%88%D8%B4%DB%8C-%D9%85%D9%88%D8%A8%D8%A7%DB%8C%D9%84-%D8%B3%D8%A7%D9%85%D8%B3%D9%88%D9%86%DA%AF-%D9%85%D8%AF%D9%84-galaxy-a24-4g-%D8%AF%D9%88-%D8%B3%DB%8C%D9%85-%DA%A9%D8%A7%D8%B1%D8%AA-%D8%B8%D8%B1%D9%81%DB%8C%D8%AA-128-%DA%AF%DB%8C%DA%AF%D8%A7%D8%A8%D8%A7%DB%8C%D8%AA-%D9%88-%D8%B1%D9%85-6-%DA%AF%DB%8C%DA%AF%D8%A7%D8%A8%D8%A7%DB%8C%D8%AA-%D9%88%DB%8C%D8%AA%D9%86%D8%A7%D9%85-clone-1-of-11341777/,گوشی موبایل سامسونگ مدل Galaxy A24 4G دو سیم کارت ظرفیت 128 گیگابایت و رم 6 گیگابایت به همراه شارژر سامسونگ
57,samsung,Galaxy S22 5G,NAN,33990000,256,هشت گیگابایت,مشکی,https://www.digikala.com/product/dkp-7855805/%DA%AF%D9%88%D8%B4%DB%8C-%D9%85%D9%88%D8%A8%D8%A7%DB%8C%D9%84-%D8%B3%D8%A7%D9%85%D8%B3%D9%88%D9%86%DA%AF-%D9%85%D8%AF%D9%84-galaxy-s22-5g-%D8%AF%D9%88-%D8%B3%DB%8C%D9%85-%DA%A9%D8%A7%D8%B1%D8%AA-%D8%B8%D8%B1%D9%81%DB%8C%D8%AA-256-%DA%AF%DB%8C%DA%AF%D8%A7%D8%A8%D8%A7%DB%8C%D8%AA-%D9%88-%D8%B1%D9%85-8-%DA%AF%DB%8C%DA%AF%D8%A7%D8%A8%D8%A7%DB%8C%D8%AA/,گوشی موبایل سامسونگ مدل Galaxy S22 5G دو سیم کارت ظرفیت 256 گیگابایت و رم 8 گیگابایت
58,samsung,Galaxy A04s,NAN,5699000,128,چهار گیگابایت,سفید,https://www.digikala.com/product/dkp-10177280/%DA%AF%D9%88%D8%B4%DB%8C-%D9%85%D9%88%D8%A8%D8%A7%DB%8C%D9%84-%D8%B3%D8%A7%D9%85%D8%B3%D9%88%D9%86%DA%AF-%D9%85%D8%AF%D9%84-galaxy-a04s-%D8%AF%D9%88-%D8%B3%DB%8C%D9%85-%DA%A9%D8%A7%D8%B1%D8%AA-%D8%B8%D8%B1%D9%81%DB%8C%D8%AA-128-%DA%AF%DB%8C%DA%AF%D8%A7%D8%A8%D8%A7%DB%8C%D8%AA-%D9%88-%D8%B1%D9%85-4-%DA%AF%DB%8C%DA%AF%D8%A7%D8%A8%D8%A7%DB%8C%D8%AA/,گوشی موبایل سامسونگ مدل Galaxy A04s دو سیم کارت ظرفیت 128 گیگابایت و رم 4 گیگابایت
59,samsung,Galaxy A54 5G,17719000,18600000,256,هشت گیگابایت,مشکی,https://www.digikala.com/product/dkp-11511876/%DA%AF%D9%88%D8%B4%DB%8C-%D9%85%D9%88%D8%A8%D8%A7%DB%8C%D9%84-%D8%B3%D8%A7%D9%85%D8%B3%D9%88%D9%86%DA%AF-%D9%85%D8%AF%D9%84-galaxy-a54-5g-%D8%AF%D9%88-%D8%B3%DB%8C%D9%85-%DA%A9%D8%A7%D8%B1%D8%AA-%D8%B8%D8%B1%D9%81%DB%8C%D8%AA-128-%DA%AF%DB%8C%DA%AF%D8%A7%D8%A8%D8%A7%DB%8C%D8%AA-%D9%88-%D8%B1%D9%85-8-%DA%AF%DB%8C%DA%AF%D8%A7%D8%A8%D8%A7%DB%8C%D8%AA-%D8%A8%D9%87-%D9%87%D9%85%D8%B1%D8%A7%D9%87-%D8%B4%D8%A7%D8%B1%DA%98%D8%B1-%D8%B3%D8%A7%D9%85%D8%B3%D9%88%D9%86%DA%AF-clone-1-of-11511768/,گوشی موبایل سامسونگ مدل Galaxy A54 5G دو سیم کارت ظرفیت 256 گیگابایت و رم 8 گیگابایت به همراه شارژر سامسونگ
60,samsung,Galaxy M32 SM-M325F/DS,NAN,6650000,64,چهار گیگابایت,مشکی,https://www.digikala.com/product/dkp-7178377/%DA%AF%D9%88%D8%B4%DB%8C-%D9%85%D9%88%D8%A8%D8%A7%DB%8C%D9%84-%D8%B3%D8%A7%D9%85%D8%B3%D9%88%D9%86%DA%AF-%D9%85%D8%AF%D9%84-galaxy-m32-sm-m325fds-%D8%AF%D9%88-%D8%B3%DB%8C%D9%85-%DA%A9%D8%A7%D8%B1%D8%AA-%D8%B8%D8%B1%D9%81%DB%8C%D8%AA-64-%DA%AF%DB%8C%DA%AF%D8%A7%D8%A8%D8%A7%DB%8C%D8%AA-%D9%88-%D8%B1%D9%85-4-%DA%AF%DB%8C%DA%AF%D8%A7%D8%A8%D8%A7%DB%8C%D8%AA/,گوشی موبایل سامسونگ مدل Galaxy M32 SM-M325F/DS دو سیم‌ کارت ظرفیت 64 گیگابایت و رم 4 گیگابایت - اکتیو
61,samsung,Galaxy A14,NAN,6980000,128,چهار گیگابایت,مشکی,https://www.digikala.com/product/dkp-11498216/%DA%AF%D9%88%D8%B4%DB%8C-%D9%85%D9%88%D8%A8%D8%A7%DB%8C%D9%84-%D8%B3%D8%A7%D9%85%D8%B3%D9%88%D9%86%DA%AF-%D9%85%D8%AF%D9%84-galaxy-a14-%D8%AF%D9%88-%D8%B3%DB%8C%D9%85-%DA%A9%D8%A7%D8%B1%D8%AA-%D8%B8%D8%B1%D9%81%DB%8C%D8%AA-128-%DA%AF%DB%8C%DA%AF%D8%A7%D8%A8%D8%A7%DB%8C%D8%AA-%D9%88-%D8%B1%D9%85-4-%DA%AF%DB%8C%DA%AF%D8%A7%D8%A8%D8%A7%DB%8C%D8%AA-clone-1-of-10937960/,گوشی موبایل سامسونگ مدل Galaxy A14 دو سیم کارت ظرفیت 128 گیگابایت و رم 4 گیگابایت به همراه شارژر سامسونگ
62,samsung,Galaxy S23 Ultra,NAN,59900000,512,۱۲ گیگابایت,مشکی,https://www.digikala.com/product/dkp-10658066/%DA%AF%D9%88%D8%B4%DB%8C-%D9%85%D9%88%D8%A8%D8%A7%DB%8C%D9%84-%D8%B3%D8%A7%D9%85%D8%B3%D9%88%D9%86%DA%AF-%D9%85%D8%AF%D9%84-galaxy-s23-ultra-%D8%AF%D9%88-%D8%B3%DB%8C%D9%85-%DA%A9%D8%A7%D8%B1%D8%AA-%D8%B8%D8%B1%D9%81%DB%8C%D8%AA-512-%DA%AF%DB%8C%DA%AF%D8%A7%D8%A8%D8%A7%DB%8C%D8%AA-%D9%88-%D8%B1%D9%85-12-%DA%AF%DB%8C%DA%AF%D8%A7%D8%A8%D8%A7%DB%8C%D8%AA/,گوشی موبایل سامسونگ مدل Galaxy S23 Ultra دو سیم کارت ظرفیت 512 گیگابایت و رم 12 گیگابایت
63,samsung,Galaxy A33 5G SM-A336E/DSN,NAN,11099000,128,شش گیگابایت,سفید,https://www.digikala.com/product/dkp-9841478/%DA%AF%D9%88%D8%B4%DB%8C-%D9%85%D9%88%D8%A8%D8%A7%DB%8C%D9%84-%D8%B3%D8%A7%D9%85%D8%B3%D9%88%D9%86%DA%AF-%D9%85%D8%AF%D9%84-galaxy-a33-5g-%D8%AF%D9%88-%D8%B3%DB%8C%D9%85-%DA%A9%D8%A7%D8%B1%D8%AA-%D8%B8%D8%B1%D9%81%DB%8C%D8%AA-128-%DA%AF%DB%8C%DA%AF%D8%A7%D8%A8%D8%A7%DB%8C%D8%AA-%D9%88-%D8%B1%D9%85-6-%DA%AF%DB%8C%DA%AF%D8%A7%D8%A8%D8%A7%DB%8C%D8%AA-%D9%88%DB%8C%D8%AA%D9%86%D8%A7%D9%85/,گوشی موبایل سامسونگ مدل Galaxy A33 5G دو سیم کارت ظرفیت 128 گیگابایت و رم 6 گیگابایت - ویتنام
64,samsung,Galaxy S23 Ultra,NAN,51000000,256,۱۲ گیگابایت,سبز,https://www.digikala.com/product/dkp-11103829/%DA%AF%D9%88%D8%B4%DB%8C-%D9%85%D9%88%D8%A8%D8%A7%DB%8C%D9%84-%D8%B3%D8%A7%D9%85%D8%B3%D9%88%D9%86%DA%AF-%D9%85%D8%AF%D9%84-galaxy-s23-ultra-%D8%AF%D9%88-%D8%B3%DB%8C%D9%85-%DA%A9%D8%A7%D8%B1%D8%AA-%D8%B8%D8%B1%D9%81%DB%8C%D8%AA-256-%DA%AF%DB%8C%DA%AF%D8%A7%D8%A8%D8%A7%DB%8C%D8%AA-%D9%88-%D8%B1%D9%85-12-%DA%AF%DB%8C%DA%AF%D8%A7%D8%A8%D8%A7%DB%8C%D8%AA-%D8%A8%D9%87-%D9%87%D9%85%D8%B1%D8%A7%D9%87-%D8%B4%D8%A7%D8%B1%DA%98%D8%B1-%D8%B3%D8%A7%D9%85%D8%B3%D9%88%D9%86%DA%AF-%D9%88%DB%8C%D8%AA%D9%86%D8%A7%D9%85/,گوشی موبایل سامسونگ مدل Galaxy S23 Ultra دو سیم کارت ظرفیت 256 گیگابایت و رم 12 گیگابایت به همراه شارژر سامسونگ - ویتنام
65,samsung,Galaxy S21 FE 5G,NAN,20250000,256,هشت گیگابایت,مشکی,https://www.digikala.com/product/dkp-11499375/%DA%AF%D9%88%D8%B4%DB%8C-%D9%85%D9%88%D8%A8%D8%A7%DB%8C%D9%84-%D8%B3%D8%A7%D9%85%D8%B3%D9%88%D9%86%DA%AF-%D9%85%D8%AF%D9%84-galaxy-s21-fe-5g-%D8%AF%D9%88-%D8%B3%DB%8C%D9%85-%DA%A9%D8%A7%D8%B1%D8%AA-%D8%B8%D8%B1%D9%81%DB%8C%D8%AA-256-%DA%AF%DB%8C%DA%AF%D8%A7%D8%A8%D8%A7%DB%8C%D8%AA-%D9%88-%D8%B1%D9%85-8-%DA%AF%DB%8C%DA%AF%D8%A7%D8%A8%D8%A7%DB%8C%D8%AA-clone-1-of-7475119/,گوشی موبایل سامسونگ مدل Galaxy S21 FE 5G دو سیم‌ کارت ظرفیت 256 گیگابایت و رم 8 گیگابایت به همراه شارژر سامسونگ
66,samsung,Galaxy F23 5G,NAN,7250000,128,چهار گیگابایت,آبی,https://www.digikala.com/product/dkp-11937615/%DA%AF%D9%88%D8%B4%DB%8C-%D9%85%D9%88%D8%A8%D8%A7%DB%8C%D9%84-%D8%B3%D8%A7%D9%85%D8%B3%D9%88%D9%86%DA%AF-%D9%85%D8%AF%D9%84-galaxy-f23-5g-%D8%AF%D9%88-%D8%B3%DB%8C%D9%85-%DA%A9%D8%A7%D8%B1%D8%AA-%D8%B8%D8%B1%D9%81%DB%8C%D8%AA-128-%DA%AF%DB%8C%DA%AF%D8%A7%D8%A8%D8%A7%DB%8C%D8%AA-%D9%88-%D8%B1%D9%85-6-%DA%AF%DB%8C%DA%AF%D8%A7%D8%A8%D8%A7%DB%8C%D8%AA-%D8%A7%DA%A9%D8%AA%DB%8C%D9%88-clone-1-of-10450862/,گوشی موبایل سامسونگ مدل Galaxy F23 5G دو سیم کارت ظرفیت 128 گیگابایت و رم 4 گیگابایت - اکتیو
67,samsung,Galaxy A53 5G,NAN,14490000,128,هشت گیگابایت,سفید,https://www.digikala.com/product/dkp-8408062/%DA%AF%D9%88%D8%B4%DB%8C-%D9%85%D9%88%D8%A8%D8%A7%DB%8C%D9%84-%D8%B3%D8%A7%D9%85%D8%B3%D9%88%D9%86%DA%AF-%D9%85%D8%AF%D9%84-galaxy-a53-5g-%D8%AF%D9%88-%D8%B3%DB%8C%D9%85-%DA%A9%D8%A7%D8%B1%D8%AA-%D8%B8%D8%B1%D9%81%DB%8C%D8%AA-128-%DA%AF%DB%8C%DA%AF%D8%A7%D8%A8%D8%A7%DB%8C%D8%AA-%D9%88-%D8%B1%D9%85-8-%DA%AF%DB%8C%DA%AF%D8%A7%D8%A8%D8%A7%DB%8C%D8%AA/,گوشی موبایل سامسونگ مدل GALAXY A53 5G دو سیم کارت ظرفیت 128 گیگابایت و رم 8 گیگابایت
68,samsung,Galaxy S22 Ultra 5G,NAN,44790000,512,۱۲ گیگابایت,مشکی,https://www.digikala.com/product/dkp-7853233/%DA%AF%D9%88%D8%B4%DB%8C-%D9%85%D9%88%D8%A8%D8%A7%DB%8C%D9%84-%D8%B3%D8%A7%D9%85%D8%B3%D9%88%D9%86%DA%AF-%D9%85%D8%AF%D9%84-galaxy-s22-ultra-5g-%D8%AF%D9%88-%D8%B3%DB%8C%D9%85-%DA%A9%D8%A7%D8%B1%D8%AA-%D8%B8%D8%B1%D9%81%DB%8C%D8%AA-512-%DA%AF%DB%8C%DA%AF%D8%A7%D8%A8%D8%A7%DB%8C%D8%AA-%D9%88-%D8%B1%D9%85-12-%DA%AF%DB%8C%DA%AF%D8%A7%D8%A8%D8%A7%DB%8C%D8%AA/,گوشی موبایل سامسونگ مدل Galaxy S22 Ultra 5G دو سیم کارت ظرفیت 512 گیگابایت و رم 12 گیگابایت
69,samsung,Galaxy A24 4G,NAN,7990000,128,چهار گیگابایت,مشکی,https://www.digikala.com/product/dkp-12065624/%DA%AF%D9%88%D8%B4%DB%8C-%D9%85%D9%88%D8%A8%D8%A7%DB%8C%D9%84-%D8%B3%D8%A7%D9%85%D8%B3%D9%88%D9%86%DA%AF-%D9%85%D8%AF%D9%84-galaxy-a24-4g-%D8%AF%D9%88-%D8%B3%DB%8C%D9%85-%DA%A9%D8%A7%D8%B1%D8%AA-%D8%B8%D8%B1%D9%81%DB%8C%D8%AA-128-%DA%AF%DB%8C%DA%AF%D8%A7%D8%A8%D8%A7%DB%8C%D8%AA-%D9%88-%D8%B1%D9%85-8-%DA%AF%DB%8C%DA%AF%D8%A7%D8%A8%D8%A7%DB%8C%D8%AA-%D8%A8%D9%87-%D9%87%D9%85%D8%B1%D8%A7%D9%87-%D8%B4%D8%A7%D8%B1%DA%98%D8%B1-%D8%B3%D8%A7%D9%85%D8%B3%D9%88%D9%86%DA%AF-clone-1-of-11971192/,گوشی موبایل سامسونگ مدل Galaxy A24 4G دو سیم کارت ظرفیت 128 گیگابایت و رم 4 گیگابایت به همراه شارژر سامسونگ
70,samsung,Galaxy S23,NAN,45400000,256,هشت گیگابایت,مشکی,https://www.digikala.com/product/dkp-10630329/%DA%AF%D9%88%D8%B4%DB%8C-%D9%85%D9%88%D8%A8%D8%A7%DB%8C%D9%84-%D8%B3%D8%A7%D9%85%D8%B3%D9%88%D9%86%DA%AF-%D9%85%D8%AF%D9%84-galaxy-s23-%D8%AF%D9%88-%D8%B3%DB%8C%D9%85-%DA%A9%D8%A7%D8%B1%D8%AA-%D8%B8%D8%B1%D9%81%DB%8C%D8%AA-256-%DA%AF%DB%8C%DA%AF%D8%A7%D8%A8%D8%A7%DB%8C%D8%AA-%D9%88-%D8%B1%D9%85-8-%DA%AF%DB%8C%DA%AF%D8%A7%D8%A8%D8%A7%DB%8C%D8%AA/,گوشی موبایل سامسونگ مدل Galaxy S23 دو سیم کارت ظرفیت 256 گیگابایت و رم 8 گیگابایت
71,samsung,Galaxy A04s,NAN,6050000,128,چهار گیگابایت,مشکی,https://www.digikala.com/product/dkp-10434792/%DA%AF%D9%88%D8%B4%DB%8C-%D9%85%D9%88%D8%A8%D8%A7%DB%8C%D9%84-%D8%B3%D8%A7%D9%85%D8%B3%D9%88%D9%86%DA%AF-%D9%85%D8%AF%D9%84-galaxy-a04s-%D8%AF%D9%88-%D8%B3%DB%8C%D9%85-%DA%A9%D8%A7%D8%B1%D8%AA-%D8%B8%D8%B1%D9%81%DB%8C%D8%AA-128-%DA%AF%DB%8C%DA%AF%D8%A7%D8%A8%D8%A7%DB%8C%D8%AA-%D9%88-%D8%B1%D9%85-4-%DA%AF%DB%8C%DA%AF%D8%A7%D8%A8%D8%A7%DB%8C%D8%AA-%D9%88%DB%8C%D8%AA%D9%86%D8%A7%D9%85/,گوشی موبایل سامسونگ مدل Galaxy A04s دو سیم کارت ظرفیت 128 گیگابایت و رم 4 گیگابایت - ویتنام
72,samsung,Galaxy S22 Plus 5G,NAN,37300000,256,هشت گیگابایت,مشکی,https://www.digikala.com/product/dkp-9209935/%DA%AF%D9%88%D8%B4%DB%8C-%D9%85%D9%88%D8%A8%D8%A7%DB%8C%D9%84-%D8%B3%D8%A7%D9%85%D8%B3%D9%88%D9%86%DA%AF-%D9%85%D8%AF%D9%84-galaxy-s22-plus-5g-%D8%AF%D9%88-%D8%B3%DB%8C%D9%85-%DA%A9%D8%A7%D8%B1%D8%AA-%D8%B8%D8%B1%D9%81%DB%8C%D8%AA-256-%DA%AF%DB%8C%DA%AF%D8%A7%D8%A8%D8%A7%DB%8C%D8%AA-%D9%88-%D8%B1%D9%85-8-%DA%AF%DB%8C%DA%AF%D8%A7%D8%A8%D8%A7%DB%8C%D8%AA-%D9%86%D8%B3%D8%AE%D9%87-%D8%A7%D8%B3%D9%86%D9%BE%D8%AF%D8%B1%D8%A7%DA%AF%D9%88%D9%86/,گوشی موبایل سامسونگ مدل Galaxy S22 Plus 5G دو سیم کارت ظرفیت 256 گیگابایت و رم 8 گیگابایت نسخه اسنپدراگون
73,samsung,Galaxy A53 5G SM-A536,NAN,13500000,128,شش گیگابایت,مشکی,https://www.digikala.com/product/dkp-8408128/%DA%AF%D9%88%D8%B4%DB%8C-%D9%85%D9%88%D8%A8%D8%A7%DB%8C%D9%84-%D8%B3%D8%A7%D9%85%D8%B3%D9%88%D9%86%DA%AF-%D9%85%D8%AF%D9%84-galaxy-a53-5g-sm-a536-%D8%AF%D9%88-%D8%B3%DB%8C%D9%85-%DA%A9%D8%A7%D8%B1%D8%AA-%D8%B8%D8%B1%D9%81%DB%8C%D8%AA-128-%DA%AF%DB%8C%DA%AF%D8%A7%D8%A8%D8%A7%DB%8C%D8%AA-%D9%88-%D8%B1%D9%85-6-%DA%AF%DB%8C%DA%AF%D8%A7%D8%A8%D8%A7%DB%8C%D8%AA/,گوشی موبایل سامسونگ مدل Galaxy A53 5G SM-A536 دو سیم کارت ظرفیت 128 گیگابایت و رم 6 گیگابایت
74,samsung,Galaxy A13 SM-A137F/DS,NAN,7450000,64,چهار گیگابایت,سفید,https://www.digikala.com/product/dkp-9092242/%DA%AF%D9%88%D8%B4%DB%8C-%D9%85%D9%88%D8%A8%D8%A7%DB%8C%D9%84-%D8%B3%D8%A7%D9%85%D8%B3%D9%88%D9%86%DA%AF-%D9%85%D8%AF%D9%84-galaxy-a13-sm-a137fds-%D8%AF%D9%88-%D8%B3%DB%8C%D9%85-%DA%A9%D8%A7%D8%B1%D8%AA-%D8%B8%D8%B1%D9%81%DB%8C%D8%AA-64-%DA%AF%DB%8C%DA%AF%D8%A7%D8%A8%D8%A7%DB%8C%D8%AA-%D9%88-%D8%B1%D9%85-4-%DA%AF%DB%8C%DA%AF%D8%A7%D8%A8%D8%A7%DB%8C%D8%AA/,گوشی موبایل سامسونگ مدل Galaxy A13 SM-A137F/DS دو سیم کارت ظرفیت 64 گیگابایت و رم 4 گیگابایت
75,samsung,Galaxy A23 SM-A235F/DSN,NAN,7340000,64,چهار گیگابایت,مشکی,https://www.digikala.com/product/dkp-8407810/%DA%AF%D9%88%D8%B4%DB%8C-%D9%85%D9%88%D8%A8%D8%A7%DB%8C%D9%84-%D8%B3%D8%A7%D9%85%D8%B3%D9%88%D9%86%DA%AF-%D9%85%D8%AF%D9%84-galaxy-a23-sm-a235fdsn-%D8%AF%D9%88-%D8%B3%DB%8C%D9%85-%DA%A9%D8%A7%D8%B1%D8%AA-%D8%B8%D8%B1%D9%81%DB%8C%D8%AA-64-%DA%AF%DB%8C%DA%AF%D8%A7%D8%A8%D8%A7%DB%8C%D8%AA-%D9%88-%D8%B1%D9%85-4-%DA%AF%DB%8C%DA%AF%D8%A7%D8%A8%D8%A7%DB%8C%D8%AA/,گوشی موبایل سامسونگ مدل Galaxy A23 SM-A235F/DSN دو سیم کارت ظرفیت 64 گیگابایت و رم 4 گیگابایت
76,samsung,Galaxy A53 5G,NAN,15900000,128,هشت گیگابایت,مشکی,https://www.digikala.com/product/dkp-11510963/%DA%AF%D9%88%D8%B4%DB%8C-%D9%85%D9%88%D8%A8%D8%A7%DB%8C%D9%84-%D8%B3%D8%A7%D9%85%D8%B3%D9%88%D9%86%DA%AF-%D9%85%D8%AF%D9%84-galaxy-a53-5g-%D8%AF%D9%88-%D8%B3%DB%8C%D9%85-%DA%A9%D8%A7%D8%B1%D8%AA-%D8%B8%D8%B1%D9%81%DB%8C%D8%AA-256-%DA%AF%DB%8C%DA%AF%D8%A7%D8%A8%D8%A7%DB%8C%D8%AA-%D9%88-%D8%B1%D9%85-8-%DA%AF%DB%8C%DA%AF%D8%A7%D8%A8%D8%A7%DB%8C%D8%AA-%D8%A8%D9%87-%D9%87%D9%85%D8%B1%D8%A7%D9%87-%D8%B4%D8%A7%D8%B1%DA%98%D8%B1-%D8%B3%D8%A7%D9%85%D8%B3%D9%88%D9%86%DA%AF-%D9%88%DB%8C%D8%AA%D9%86%D8%A7%D9%85-clone-1-of-11510814/,گوشی موبایل سامسونگ مدل GALAXY A53 5G دو سیم کارت ظرفیت 128 گیگابایت و رم 8 گیگابایت به همراه شارژر سامسونگ
77,samsung,Galaxy A23,NAN,8690000,128,چهار گیگابایت,مشکی,https://www.digikala.com/product/dkp-9636761/%DA%AF%D9%88%D8%B4%DB%8C-%D9%85%D9%88%D8%A8%D8%A7%DB%8C%D9%84-%D8%B3%D8%A7%D9%85%D8%B3%D9%88%D9%86%DA%AF-%D9%85%D8%AF%D9%84-galaxy-a23-%D8%AF%D9%88-%D8%B3%DB%8C%D9%85-%DA%A9%D8%A7%D8%B1%D8%AA-%D8%B8%D8%B1%D9%81%DB%8C%D8%AA-128-%DA%AF%DB%8C%DA%AF%D8%A7%D8%A8%D8%A7%DB%8C%D8%AA-%D9%88-%D8%B1%D9%85-4-%DA%AF%DB%8C%DA%AF%D8%A7%D8%A8%D8%A7%DB%8C%D8%AA-%D9%88%DB%8C%D8%AA%D9%86%D8%A7%D9%85/,گوشی موبایل سامسونگ مدل Galaxy A23 دو سیم کارت ظرفیت 128 گیگابایت و رم 4 گیگابایت - ویتنام
78,samsung,(jhny) Galaxy A10 SM-A115F/DS - Global,NAN,4147000,32,دو گیگابایت,مشکی,https://www.digikala.com/product/dkp-3168416/%DA%AF%D9%88%D8%B4%DB%8C-%D9%85%D9%88%D8%A8%D8%A7%DB%8C%D9%84-%D8%B3%D8%A7%D9%85%D8%B3%D9%88%D9%86%DA%AF-%D9%85%D8%AF%D9%84-galaxy-a11-sm-a115fds-%D8%AF%D9%88-%D8%B3%DB%8C%D9%85-%DA%A9%D8%A7%D8%B1%D8%AA-%D8%B8%D8%B1%D9%81%DB%8C%D8%AA-32-%DA%AF%DB%8C%DA%AF%D8%A7%D8%A8%D8%A7%DB%8C%D8%AA-%D9%88-2-%DA%AF%DB%8C%DA%AF%D8%A7%D8%A8%D8%A7%DB%8C%D8%AA-%D8%B1%D9%85/,گوشی موبایل سامسونگ مدل Galaxy A11 SM-A115F/DS دو سیم کارت ظرفیت 32 گیگابایت و 2 گیگابایت رم
79,samsung,Galaxy A54 5G,NAN,16600000,128,هشت گیگابایت,مشکی,https://www.digikala.com/product/dkp-11511768/%DA%AF%D9%88%D8%B4%DB%8C-%D9%85%D9%88%D8%A8%D8%A7%DB%8C%D9%84-%D8%B3%D8%A7%D9%85%D8%B3%D9%88%D9%86%DA%AF-%D9%85%D8%AF%D9%84-galaxy-a54-5g-%D8%AF%D9%88-%D8%B3%DB%8C%D9%85-%DA%A9%D8%A7%D8%B1%D8%AA-%D8%B8%D8%B1%D9%81%DB%8C%D8%AA-128-%DA%AF%DB%8C%DA%AF%D8%A7%D8%A8%D8%A7%DB%8C%D8%AA-%D9%88-%D8%B1%D9%85-8-%DA%AF%DB%8C%DA%AF%D8%A7%D8%A8%D8%A7%DB%8C%D8%AA-%D8%A8%D9%87-%D9%87%D9%85%D8%B1%D8%A7%D9%87-%D8%B4%D8%A7%D8%B1%DA%98%D8%B1-%D8%B3%D8%A7%D9%85%D8%B3%D9%88%D9%86%DA%AF/,گوشی موبایل سامسونگ مدل Galaxy A54 5G دو سیم کارت ظرفیت 128 گیگابایت و رم 8 گیگابایت به همراه شارژر سامسونگ
80,samsung,Galaxy M53 5G,NAN,13950000,128,هشت گیگابایت,آبی,https://www.digikala.com/product/dkp-10402287/%DA%AF%D9%88%D8%B4%DB%8C-%D9%85%D9%88%D8%A8%D8%A7%DB%8C%D9%84-%D8%B3%D8%A7%D9%85%D8%B3%D9%88%D9%86%DA%AF-%D9%85%D8%AF%D9%84-galaxy-m53-5g-%D8%AF%D9%88-%D8%B3%DB%8C%D9%85-%DA%A9%D8%A7%D8%B1%D8%AA-%D8%B8%D8%B1%D9%81%DB%8C%D8%AA-128-%DA%AF%DB%8C%DA%AF%D8%A7%D8%A8%D8%A7%DB%8C%D8%AA-%D9%88-%D8%B1%D9%85-8-%DA%AF%DB%8C%DA%AF%D8%A7%D8%A8%D8%A7%DB%8C%D8%AA-%D8%A7%DA%A9%D8%AA%DB%8C%D9%88/,گوشی موبایل سامسونگ مدل Galaxy M53 5G دو سیم کارت ظرفیت 128 گیگابایت و رم 8 گیگابایت - اکتیو
81,samsung,Galaxy Z Fold4,NAN,65000000,256,۱۲ گیگابایت,خاکستری,https://www.digikala.com/product/dkp-9277135/%DA%AF%D9%88%D8%B4%DB%8C-%D9%85%D9%88%D8%A8%D8%A7%DB%8C%D9%84-%D8%B3%D8%A7%D9%85%D8%B3%D9%88%D9%86%DA%AF-%D9%85%D8%AF%D9%84-galaxy-z-fold4-%D8%AF%D9%88-%D8%B3%DB%8C%D9%85-%DA%A9%D8%A7%D8%B1%D8%AA-%D8%B8%D8%B1%D9%81%DB%8C%D8%AA-256-%DA%AF%DB%8C%DA%AF%D8%A7%D8%A8%D8%A7%DB%8C%D8%AA-%D9%88-%D8%B1%D9%85-8-%DA%AF%DB%8C%DA%AF%D8%A7%D8%A8%D8%A7%DB%8C%D8%AA/,گوشی موبایل سامسونگ مدل Galaxy Z Fold4 دو سیم کارت ظرفیت 256 گیگابایت و رم 12 گیگابایت
82,samsung,Galaxy S22 Plus 5G,NAN,37800000,256,هشت گیگابایت,مشکی,https://www.digikala.com/product/dkp-7854371/%DA%AF%D9%88%D8%B4%DB%8C-%D9%85%D9%88%D8%A8%D8%A7%DB%8C%D9%84-%D8%B3%D8%A7%D9%85%D8%B3%D9%88%D9%86%DA%AF-%D9%85%D8%AF%D9%84-galaxy-s22-plus-5g-%D8%AF%D9%88-%D8%B3%DB%8C%D9%85-%DA%A9%D8%A7%D8%B1%D8%AA-%D8%B8%D8%B1%D9%81%DB%8C%D8%AA-256-%DA%AF%DB%8C%DA%AF%D8%A7%D8%A8%D8%A7%DB%8C%D8%AA-%D9%88-%D8%B1%D9%85-8-%DA%AF%DB%8C%DA%AF%D8%A7%D8%A8%D8%A7%DB%8C%D8%AA/,گوشی موبایل سامسونگ مدل Galaxy S22 Plus 5G دو سیم کارت ظرفیت 256 گیگابایت و رم 8 گیگابایت
83,samsung,(jhny) Galaxy A10 SM-A115F/DS - Global,NAN,4305000,32,سه گیگابایت,مشکی,https://www.digikala.com/product/dkp-2982864/%DA%AF%D9%88%D8%B4%DB%8C-%D9%85%D9%88%D8%A8%D8%A7%DB%8C%D9%84-%D8%B3%D8%A7%D9%85%D8%B3%D9%88%D9%86%DA%AF-%D9%85%D8%AF%D9%84-galaxy-a11-sm-a115fds-%D8%AF%D9%88-%D8%B3%DB%8C%D9%85-%DA%A9%D8%A7%D8%B1%D8%AA-%D8%B8%D8%B1%D9%81%DB%8C%D8%AA-32-%DA%AF%DB%8C%DA%AF%D8%A7%D8%A8%D8%A7%DB%8C%D8%AA-%D9%88-3-%DA%AF%DB%8C%DA%AF%D8%A7%D8%A8%D8%A7%DB%8C%D8%AA-%D8%B1%D9%85/,گوشی موبایل سامسونگ مدل Galaxy A11 SM-A115F/DS دو سیم کارت ظرفیت 32 گیگابایت و 3 گیگابایت رم
84,samsung,Galaxy S23 Ultra,NAN,53600000,256,۱۲ گیگابایت,مشکی,https://www.digikala.com/product/dkp-12157897/%DA%AF%D9%88%D8%B4%DB%8C-%D9%85%D9%88%D8%A8%D8%A7%DB%8C%D9%84-%D8%B3%D8%A7%D9%85%D8%B3%D9%88%D9%86%DA%AF-%D9%85%D8%AF%D9%84-galaxy-s23-ultra-%D8%AF%D9%88-%D8%B3%DB%8C%D9%85-%DA%A9%D8%A7%D8%B1%D8%AA-%D8%B8%D8%B1%D9%81%DB%8C%D8%AA-256-%DA%AF%DB%8C%DA%AF%D8%A7%D8%A8%D8%A7%DB%8C%D8%AA-%D9%88-%D8%B1%D9%85-12-%DA%AF%DB%8C%DA%AF%D8%A7%D8%A8%D8%A7%DB%8C%D8%AA-%D8%A8%D9%87-%D9%87%D9%85%D8%B1%D8%A7%D9%87-%D8%B4%D8%A7%D8%B1%DA%98%D8%B1-45-%D9%88%D8%A7%D8%AA-%D8%B3%D8%A7%D9%85%D8%B3%D9%88%D9%86%DA%AF/,گوشی موبایل سامسونگ مدل Galaxy S23 Ultra دو سیم کارت ظرفیت 256 گیگابایت و رم 12 گیگابایت به همراه شارژر 45 وات سامسونگ
85,samsung,Galaxy A04e,NAN,5240000,128,چهار گیگابایت,مشکی,https://www.digikala.com/product/dkp-10837409/%DA%AF%D9%88%D8%B4%DB%8C-%D9%85%D9%88%D8%A8%D8%A7%DB%8C%D9%84-%D8%B3%D8%A7%D9%85%D8%B3%D9%88%D9%86%DA%AF-%D9%85%D8%AF%D9%84-galaxy-a04e-%D8%AF%D9%88-%D8%B3%DB%8C%D9%85-%DA%A9%D8%A7%D8%B1%D8%AA-%D8%B8%D8%B1%D9%81%DB%8C%D8%AA-128-%DA%AF%DB%8C%DA%AF%D8%A7%D8%A8%D8%A7%DB%8C%D8%AA-%D9%88-%D8%B1%D9%85-4-%DA%AF%DB%8C%DA%AF%D8%A7%D8%A8%D8%A7%DB%8C%D8%AA/,گوشی موبایل سامسونگ مدل Galaxy A04e دو سیم کارت ظرفیت 128 گیگابایت و رم 4 گیگابایت
86,samsung,(jhny) Galaxy S21 Ultra 5G SM-G998B/DS - International,40400000,47100000,256,۱۲ گیگابایت,مشکی,https://www.digikala.com/product/dkp-4330247/%DA%AF%D9%88%D8%B4%DB%8C-%D9%85%D9%88%D8%A8%D8%A7%DB%8C%D9%84-%D8%B3%D8%A7%D9%85%D8%B3%D9%88%D9%86%DA%AF-%D9%85%D8%AF%D9%84-galaxy-s21-ultra-5g-sm-g998bds-%D8%AF%D9%88-%D8%B3%DB%8C%D9%85-%DA%A9%D8%A7%D8%B1%D8%AA-%D8%B8%D8%B1%D9%81%DB%8C%D8%AA-256-%DA%AF%DB%8C%DA%AF%D8%A7%D8%A8%D8%A7%DB%8C%D8%AA-%D9%88-%D8%B1%D9%85-12-%DA%AF%DB%8C%DA%AF%D8%A7%D8%A8%D8%A7%DB%8C%D8%AA/,گوشی موبایل سامسونگ مدل Galaxy S21 Ultra 5G SM-G998B/DS دو سیم کارت ظرفیت 256 گیگابایت و رم 12 گیگابایت
87,samsung,Galaxy Z Fold4,NAN,72990000,512,۱۲ گیگابایت,خاکستری,https://www.digikala.com/product/dkp-10320137/%DA%AF%D9%88%D8%B4%DB%8C-%D9%85%D9%88%D8%A8%D8%A7%DB%8C%D9%84-%D8%B3%D8%A7%D9%85%D8%B3%D9%88%D9%86%DA%AF-%D9%85%D8%AF%D9%84-galaxy-z-fold4-%D8%AF%D9%88-%D8%B3%DB%8C%D9%85-%DA%A9%D8%A7%D8%B1%D8%AA-%D8%B8%D8%B1%D9%81%DB%8C%D8%AA-512-%DA%AF%DB%8C%DA%AF%D8%A7%D8%A8%D8%A7%DB%8C%D8%AA-%D9%88-%D8%B1%D9%85-12-%DA%AF%DB%8C%DA%AF%D8%A7%D8%A8%D8%A7%DB%8C%D8%AA/,گوشی موبایل سامسونگ مدل Galaxy Z Fold4 دو سیم کارت ظرفیت 512 گیگابایت و رم 12 گیگابایت
88,samsung,Galaxy F13,NAN,7200000,128,چهار گیگابایت,آبی,https://www.digikala.com/product/dkp-10659896/%DA%AF%D9%88%D8%B4%DB%8C-%D9%85%D9%88%D8%A8%D8%A7%DB%8C%D9%84-%D8%B3%D8%A7%D9%85%D8%B3%D9%88%D9%86%DA%AF-%D9%85%D8%AF%D9%84-galaxy-f13-%D8%AF%D9%88-%D8%B3%DB%8C%D9%85-%DA%A9%D8%A7%D8%B1%D8%AA-%D8%B8%D8%B1%D9%81%DB%8C%D8%AA-128-%DA%AF%DB%8C%DA%AF%D8%A7%D8%A8%D8%A7%DB%8C%D8%AA-%D9%88-%D8%B1%D9%85-4-%DA%AF%DB%8C%DA%AF%D8%A7%D8%A8%D8%A7%DB%8C%D8%AA-%D9%BE%DA%A9-%D9%87%D9%86%D8%AF-%D8%A7%DA%A9%D8%AA%DB%8C%D9%88/,گوشی موبایل سامسونگ مدل Galaxy F13 دو سیم کارت ظرفیت 128 گیگابایت و رم 4 گیگابایت - پک هند اکتیو
89,samsung,Galaxy Z Fold3 5G,NAN,63300000,256,۱۲ گیگابایت,مشکی,https://www.digikala.com/product/dkp-6093366/%DA%AF%D9%88%D8%B4%DB%8C-%D9%85%D9%88%D8%A8%D8%A7%DB%8C%D9%84-%D8%B3%D8%A7%D9%85%D8%B3%D9%88%D9%86%DA%AF-%D9%85%D8%AF%D9%84-galaxy-z-fold3-5g-%D8%B8%D8%B1%D9%81%DB%8C%D8%AA-256-%DA%AF%DB%8C%DA%AF%D8%A7%D8%A8%D8%A7%DB%8C%D8%AA-%D9%88-%D8%B1%D9%85-12-%DA%AF%DB%8C%DA%AF%D8%A7%D8%A8%D8%A7%DB%8C%D8%AA/,گوشی موبایل سامسونگ مدل Galaxy Z Fold3 5G ظرفیت 256 گیگابایت و رم 12 گیگابایت
90,samsung,Galaxy Z Flip4,41990000,44300000,256,هشت گیگابایت,خاکستری,https://www.digikala.com/product/dkp-9276686/%DA%AF%D9%88%D8%B4%DB%8C-%D9%85%D9%88%D8%A8%D8%A7%DB%8C%D9%84-%D8%B3%D8%A7%D9%85%D8%B3%D9%88%D9%86%DA%AF-%D9%85%D8%AF%D9%84-galaxy-z-flip4-%D8%AA%DA%A9-%D8%B3%DB%8C%D9%85-%DA%A9%D8%A7%D8%B1%D8%AA-%D8%B8%D8%B1%D9%81%DB%8C%D8%AA-256-%DA%AF%DB%8C%DA%AF%D8%A7%D8%A8%D8%A7%DB%8C%D8%AA-%D9%88-%D8%B1%D9%85-8-%DA%AF%DB%8C%DA%AF%D8%A7%D8%A8%D8%A7%DB%8C%D8%AA/,گوشی موبایل سامسونگ مدل Galaxy Z Flip4 تک سیم کارت ظرفیت 256 گیگابایت و رم 8 گیگابایت
91,samsung,Galaxy Z Flip4,44200000,46700000,512,هشت گیگابایت,خاکستری,https://www.digikala.com/product/dkp-10673627/%DA%AF%D9%88%D8%B4%DB%8C-%D9%85%D9%88%D8%A8%D8%A7%DB%8C%D9%84-%D8%B3%D8%A7%D9%85%D8%B3%D9%88%D9%86%DA%AF-%D9%85%D8%AF%D9%84-galaxy-z-flip4-%D8%AF%D9%88-%D8%B3%DB%8C%D9%85-%DA%A9%D8%A7%D8%B1%D8%AA-%D8%B8%D8%B1%D9%81%DB%8C%D8%AA-512-%DA%AF%DB%8C%DA%AF%D8%A7%D8%A8%D8%A7%DB%8C%D8%AA-%D9%88-%D8%B1%D9%85-8-%DA%AF%DB%8C%DA%AF%D8%A7%D8%A8%D8%A7%DB%8C%D8%AA/,گوشی موبایل سامسونگ مدل Galaxy Z Flip4 تک سیم کارت ظرفیت 512 گیگابایت و رم 8 گیگابایت
92,samsung,Galaxy Note20 Ultra 5G SM-N986 - Global,42800000,44599000,256,۱۲ گیگابایت,برنز,https://www.digikala.com/product/dkp-4048744/%DA%AF%D9%88%D8%B4%DB%8C-%D9%85%D9%88%D8%A8%D8%A7%DB%8C%D9%84-%D8%B3%D8%A7%D9%85%D8%B3%D9%88%D9%86%DA%AF-%D9%85%D8%AF%D9%84-galaxy-note-20-ultra-5g-sm-n986-%D8%AF%D9%88-%D8%B3%DB%8C%D9%85-%DA%A9%D8%A7%D8%B1%D8%AA-%D8%B8%D8%B1%D9%81%DB%8C%D8%AA-256-%DA%AF%DB%8C%DA%AF%D8%A7%D8%A8%D8%A7%DB%8C%D8%AA/,گوشی موبایل سامسونگ مدل Galaxy Note 20 Ultra 5G SM-N986 دو سیم کارت ظرفیت 256 گیگابایت
93,samsung,Galaxy S23 Ultra,NAN,60499000,512,۱۲ گیگابایت,کرم روشن,https://www.digikala.com/product/dkp-12156236/%DA%AF%D9%88%D8%B4%DB%8C-%D9%85%D9%88%D8%A8%D8%A7%DB%8C%D9%84-%D8%B3%D8%A7%D9%85%D8%B3%D9%88%D9%86%DA%AF-%D9%85%D8%AF%D9%84-galaxy-s23-ultra-%D8%AF%D9%88-%D8%B3%DB%8C%D9%85-%DA%A9%D8%A7%D8%B1%D8%AA-%D8%B8%D8%B1%D9%81%DB%8C%D8%AA-512-%DA%AF%DB%8C%DA%AF%D8%A7%D8%A8%D8%A7%DB%8C%D8%AA-%D9%88-%D8%B1%D9%85-12-%DA%AF%DB%8C%DA%AF%D8%A7%D8%A8%D8%A7%DB%8C%D8%AA-%D8%A8%D9%87-%D9%87%D9%85%D8%B1%D8%A7%D9%87-%D8%B4%D8%A7%D8%B1%DA%98%D8%B1-45-%D9%88%D8%A7%D8%AA-%D8%B3%D8%A7%D9%85%D8%B3%D9%88%D9%86%DA%AF/,گوشی موبایل سامسونگ مدل Galaxy S23 Ultra دو سیم کارت ظرفیت 512 گیگابایت و رم 12 گیگابایت به همراه شارژر 45 وات سامسونگ
94,samsung,Galaxy A72,20300000,21700000,256,هشت گیگابایت,مشکی,https://www.digikala.com/product/dkp-12370797/%DA%AF%D9%88%D8%B4%DB%8C-%D9%85%D9%88%D8%A8%D8%A7%DB%8C%D9%84-%D8%B3%D8%A7%D9%85%D8%B3%D9%88%D9%86%DA%AF-%D9%85%D8%AF%D9%84-galaxy-a72-sm-a725fds-%D8%AF%D9%88-%D8%B3%DB%8C%D9%85%DA%A9%D8%A7%D8%B1%D8%AA-%D8%B8%D8%B1%D9%81%DB%8C%D8%AA-256-%DA%AF%DB%8C%DA%AF%D8%A7%D8%A8%D8%A7%DB%8C%D8%AA-%D9%88-%D8%B1%D9%85-8-%DA%AF%DB%8C%DA%AF%D8%A7%D8%A8%D8%A7%DB%8C%D8%AA-clone-1-of-4834527/,گوشی موبایل سامسونگ مدل Galaxy A72 دو سیم‌کارت ظرفیت 256 گیگابایت و رم 8 گیگابایت - ویتنام
95,samsung,Galaxy A03 SM-A035F/DS,NAN,4490000,32,سه گیگابایت,مشکی,https://www.digikala.com/product/dkp-8561715/%DA%AF%D9%88%D8%B4%DB%8C-%D9%85%D9%88%D8%A8%D8%A7%DB%8C%D9%84-%D8%B3%D8%A7%D9%85%D8%B3%D9%88%D9%86%DA%AF-%D9%85%D8%AF%D9%84-galaxy-a03-sm-a035fds-%D8%AF%D9%88-%D8%B3%DB%8C%D9%85-%DA%A9%D8%A7%D8%B1%D8%AA-%D8%B8%D8%B1%D9%81%DB%8C%D8%AA-32-%DA%AF%DB%8C%DA%AF%D8%A7%D8%A8%D8%A7%DB%8C%D8%AA-%D9%88-%D8%B1%D9%85-3-%DA%AF%DB%8C%DA%AF%D8%A7%D8%A8%D8%A7%DB%8C%D8%AA/,گوشی موبایل سامسونگ مدل Galaxy A03 SM-A035F/DS دو سیم‌ کارت ظرفیت 32 گیگابایت و رم 3 گیگابایت
96,samsung,Galaxy Z Fold3 5G,61190000,64890000,512,۱۲ گیگابایت,مشکی,https://www.digikala.com/product/dkp-6092284/%DA%AF%D9%88%D8%B4%DB%8C-%D9%85%D9%88%D8%A8%D8%A7%DB%8C%D9%84-%D8%B3%D8%A7%D9%85%D8%B3%D9%88%D9%86%DA%AF-%D9%85%D8%AF%D9%84-galaxy-z-fold3-5g-%D8%B8%D8%B1%D9%81%DB%8C%D8%AA-512-%DA%AF%DB%8C%DA%AF%D8%A7%D8%A8%D8%A7%DB%8C%D8%AA-%D9%88-%D8%B1%D9%85-12-%DA%AF%DB%8C%DA%AF%D8%A7%D8%A8%D8%A7%DB%8C%D8%AA/,گوشی موبایل سامسونگ مدل Galaxy Z Fold3 5G ظرفیت 512 گیگابایت و رم 12 گیگابایت
97,samsung,Galaxy Z Fold5,91990000,93990000,256,۱۲ گیگابایت,مشکی,https://www.digikala.com/product/dkp-12210167/%DA%AF%D9%88%D8%B4%DB%8C-%D9%85%D9%88%D8%A8%D8%A7%DB%8C%D9%84-%D8%B3%D8%A7%D9%85%D8%B3%D9%88%D9%86%DA%AF-%D9%85%D8%AF%D9%84-galaxy-z-fold5-%D8%AF%D9%88-%D8%B3%DB%8C%D9%85-%DA%A9%D8%A7%D8%B1%D8%AA-%D8%B8%D8%B1%D9%81%DB%8C%D8%AA-256-%DA%AF%DB%8C%DA%AF%D8%A7%D8%A8%D8%A7%DB%8C%D8%AA-%D9%88-%D8%B1%D9%85-12-%DA%AF%DB%8C%DA%AF%D8%A7%D8%A8%D8%A7%DB%8C%D8%AA/,گوشی موبایل سامسونگ مدل Galaxy Z Fold5 دو سیم کارت ظرفیت 256 گیگابایت و رم 12 گیگابایت
98,samsung,Galaxy Z Flip5,58900000,64490000,256,هشت گیگابایت,خاکستری,https://www.digikala.com/product/dkp-12212988/%DA%AF%D9%88%D8%B4%DB%8C-%D9%85%D9%88%D8%A8%D8%A7%DB%8C%D9%84-%D8%B3%D8%A7%D9%85%D8%B3%D9%88%D9%86%DA%AF-%D9%85%D8%AF%D9%84-galaxy-z-flip5-%D8%AA%DA%A9-%D8%B3%DB%8C%D9%85-%DA%A9%D8%A7%D8%B1%D8%AA-%D8%B8%D8%B1%D9%81%DB%8C%D8%AA-256-%DA%AF%DB%8C%DA%AF%D8%A7%D8%A8%D8%A7%DB%8C%D8%AA-%D9%88-%D8%B1%D9%85-8-%DA%AF%DB%8C%DA%AF%D8%A7%D8%A8%D8%A7%DB%8C%D8%AA/,گوشی موبایل سامسونگ مدل Galaxy Z Flip5 تک سیم کارت ظرفیت 256 گیگابایت و رم 8 گیگابایت
99,samsung,Galaxy Z Fold4,NAN,67000000,256,۱۲ گیگابایت,مشکی,https://www.digikala.com/product/dkp-12377955/%DA%AF%D9%88%D8%B4%DB%8C-%D9%85%D9%88%D8%A8%D8%A7%DB%8C%D9%84-%D8%B3%D8%A7%D9%85%D8%B3%D9%88%D9%86%DA%AF-%D9%85%D8%AF%D9%84-galaxy-z-fold4-%D8%AA%DA%A9-%D8%B3%DB%8C%D9%85-%DA%A9%D8%A7%D8%B1%D8%AA-%D8%B8%D8%B1%D9%81%DB%8C%D8%AA-256-%DA%AF%DB%8C%DA%AF%D8%A7%D8%A8%D8%A7%DB%8C%D8%AA-%D9%88-%D8%B1%D9%85-12-%DA%AF%DB%8C%DA%AF%D8%A7%D8%A8%D8%A7%DB%8C%D8%AA-%D9%BE%DA%A9-%DA%86%DB%8C%D9%86/,گوشی موبایل سامسونگ مدل Galaxy Z Fold4 تک سیم کارت ظرفیت 256 گیگابایت و رم 12 گیگابایت - پک چین
100,samsung,Galaxy Z Flip5,NAN,49700000,256,هشت گیگابایت,مشکی,https://www.digikala.com/product/dkp-12224095/%DA%AF%D9%88%D8%B4%DB%8C-%D9%85%D9%88%D8%A8%D8%A7%DB%8C%D9%84-%D8%B3%D8%A7%D9%85%D8%B3%D9%88%D9%86%DA%AF-%D9%85%D8%AF%D9%84-galaxy-z-flip5-%D8%AA%DA%A9-%D8%B3%DB%8C%D9%85-%DA%A9%D8%A7%D8%B1%D8%AA-%D8%B8%D8%B1%D9%81%DB%8C%D8%AA-256-%DA%AF%DB%8C%DA%AF%D8%A7%D8%A8%D8%A7%DB%8C%D8%AA-%D9%88-%D8%B1%D9%85-8-%DA%AF%DB%8C%DA%AF%D8%A7%D8%A8%D8%A7%DB%8C%D8%AA-clone-1-of-12212988/,گوشی موبایل سامسونگ مدل Galaxy Z Flip5 تک سیم کارت ظرفیت 256 گیگابایت و رم 8 گیگابایت - ویتنام
101,samsung,SM-A025F/DS - Global (jhny),NAN,4990000,64,چهار گیگابایت,مشکی,https://www.digikala.com/product/dkp-4230198/%DA%AF%D9%88%D8%B4%DB%8C-%D9%85%D9%88%D8%A8%D8%A7%DB%8C%D9%84-%D8%B3%D8%A7%D9%85%D8%B3%D9%88%D9%86%DA%AF-%D9%85%D8%AF%D9%84-galaxy-a02s-sm-a025fds-%D8%AF%D9%88-%D8%B3%DB%8C%D9%85-%DA%A9%D8%A7%D8%B1%D8%AA-%D8%B8%D8%B1%D9%81%DB%8C%D8%AA-64-%DA%AF%DB%8C%DA%AF%D8%A7%D8%A8%D8%A7%DB%8C%D8%AA-%D9%88-%D8%B1%D9%85-4-%DA%AF%DB%8C%DA%AF%D8%A7%D8%A8%D8%A7%DB%8C%D8%AA/,گوشی موبایل سامسونگ مدل Galaxy A02s SM-A025F/DS دو سیم کارت ظرفیت 64 گیگابایت و رم 4 گیگابایت
102,samsung,Galaxy Z Fold4,NAN,67499000,256,۱۲ گیگابایت,مشکی,https://www.digikala.com/product/dkp-10399240/%DA%AF%D9%88%D8%B4%DB%8C-%D9%85%D9%88%D8%A8%D8%A7%DB%8C%D9%84-%D8%B3%D8%A7%D9%85%D8%B3%D9%88%D9%86%DA%AF-%D9%85%D8%AF%D9%84-galaxy-z-fold4-%D8%AF%D9%88-%D8%B3%DB%8C%D9%85-%DA%A9%D8%A7%D8%B1%D8%AA-%D8%B8%D8%B1%D9%81%DB%8C%D8%AA-256-%DA%AF%DB%8C%DA%AF%D8%A7%D8%A8%D8%A7%DB%8C%D8%AA-%D9%88-%D8%B1%D9%85-12-%DA%AF%DB%8C%DA%AF%D8%A7%D8%A8%D8%A7%DB%8C%D8%AA-%D9%88%DB%8C%D8%AA%D9%86%D8%A7%D9%85/,گوشی موبایل سامسونگ مدل Galaxy Z Fold4 دو سیم کارت ظرفیت 256 گیگابایت و رم 12 گیگابایت - ویتنام
